id,cod_erp,nome,nome_normalizado,regiao,pais,uva,safra,formato_ml,tipo,status,cons_dia,pair_stock,est_min_adega,repos_quinzenal,abc_class,dias_base,preco_custo,preco_venda,notas_servico,fornecedor,criado_por,atualizado_por,criado_em,atualizado_em
91f1dc2f-1dfa-4fb3-82b1-e27a8ce2bf0e,16552,BERNARDI JACUR BRUT 750ML,BERNARDI JACUR BRUT,,,,,750,espumante,ativo,16.053,21,42,289,A,150,0,0,,,,,2026-06-06T14:28:40.761471,2026-06-06T14:28:40.761471
594a9adc-6f1b-4318-89bb-ee686dbdb05e,17301,CANNONAU DOC - CAPOCACCIA  DEIL NURAGHI - TINTO 750 ML,CANNONAU DOC - CAPOCACCIA DEIL NURAGHI - TINTO,,,,,750,tinto,ativo,6.473,9,18,117,A,150,0,0,,,,,2026-06-06T14:28:40.761471,2026-06-06T14:28:40.761471
79e74f9b-03f8-4402-aee8-4d0fd79a9988,17453,VINHO TINTO - GASTRONOMIA,VINHO TINTO - GASTRONOMIA,,,,,750,tinto,ativo,3.907,6,12,71,A,150,0,0,,,,,2026-06-06T14:28:40.761471,2026-06-06T14:28:40.761471
eae19f34-63ec-45da-95e1-31686e81c64c,8814,BARONE MONTALTO PINOT GRIGIO 750 ML,BARONE MONTALTO PINOT GRIGIO,,,,,750,branco,ativo,3.647,5,10,66,A,150,0,0,,,,,2026-06-06T14:28:40.761471,2026-06-06T14:28:40.761471
22a69176-7b96-477d-b456-8e2287c04356,17338,1/2 CARMEN INSIGNE CABERNET SAUVIGNON 375 ML,CARMEN INSIGNE CABERNET SAUVIGNON,,,,,375,tinto,ativo,2.64,4,8,48,A,150,0,0,,,,,2026-06-06T14:28:40.761471,2026-06-06T14:28:40.761471
9f3f9758-f25e-4984-8c4b-9275581c450b,14948,1/2 LUIZ ARGENTA CABERNET SAUVINGNON 375 ML,LUIZ ARGENTA CABERNET SAUVINGNON,,,,,375,tinto,ativo,2.44,4,8,44,A,150,0,0,,,,,2026-06-06T14:28:40.761471,2026-06-06T14:28:40.761471
626502f6-fb00-4cd1-859d-6474f10d106c,826,CATENA ZAPATA CATENA MALBEC - 750 ML,CATENA ZAPATA CATENA MALBEC -,,,,,750,tinto,ativo,2.307,3,6,42,A,150,0,0,,,,,2026-06-06T14:28:40.761471,2026-06-06T14:28:40.761471
85f57344-67ae-4399-8882-9e7e17d4585d,17336,1/2 CARMEN INIGNE SAUVIGNON BLANC - 375ML,CARMEN INIGNE SAUVIGNON BLANC -,,,,,375,branco,ativo,1.847,3,6,34,A,150,0,0,,,,,2026-06-06T14:28:40.761471,2026-06-06T14:28:40.761471
56524d52-0cf5-4721-8f99-8667a32bad46,17481,VINHO BRANCO/ESPUMANTE - GASTRONOMIA,VINHO BRANCO/ESPUMANTE - GASTRONOMIA,,,,,750,espumante,ativo,1.6,3,6,29,A,150,0,0,,,,,2026-06-06T14:28:40.761471,2026-06-06T14:28:40.761471
8dd9560f-4066-49ff-9de9-853aa7bcd44b,1823,CHANDON PASSION  750 ML,CHANDON PASSION,,,,,750,espumante,ativo,1.32,2,4,24,A,150,0,0,,,,,2026-06-06T14:28:40.761471,2026-06-06T14:28:40.761471
6e5c3f5f-8e1e-4dbd-baea-73004783b09f,17339,1/2 CATENA ZAPATA CATENA MALBEC 375 ML,CATENA ZAPATA CATENA MALBEC,,,,,375,tinto,ativo,1.2,2,4,22,A,150,0,0,,,,,2026-06-06T14:28:40.761471,2026-06-06T14:28:40.761471
d7c5691e-10b0-4ddb-91b6-14a8648dca5b,2257,ALAMOS MALBEC - CATENA ZAPATA - 750 ML,ALAMOS MALBEC - CATENA ZAPATA -,,,,,750,tinto,ativo,1.04,2,4,19,A,150,0,0,,,,,2026-06-06T14:28:40.761471,2026-06-06T14:28:40.761471
a13397c1-44ca-4cc0-a33b-36486b45afc3,15914,1/2 PIZZATO MERLOT 375 ML,PIZZATO MERLOT,,,,,375,tinto,ativo,0.96,2,4,18,A,150,0,0,,,,,2026-06-06T14:28:40.761471,2026-06-06T14:28:40.761471
df1b94b0-c924-4566-a927-785e338889ac,820,CATENA ZAPATA CATENA - CHARDONNAY 750 ML,CATENA ZAPATA CATENA - CHARDONNAY,,,,,750,branco,ativo,0.96,2,4,18,A,150,0,0,,,,,2026-06-06T14:28:40.761471,2026-06-06T14:28:40.761471
210dff8f-c972-4d76-8ca4-58ee2dbfc410,1006,CHANDON BRUT ROSE 750 ML,CHANDON BRUT ROSE,,,,,750,espumante,ativo,0.88,2,4,16,A,150,0,0,,,,,2026-06-06T14:28:40.761471,2026-06-06T14:28:40.761471
03cba5ad-70e2-423b-8f8f-ed8cc6d0aaae,1005,CHANDON RESERVE BRUT 750 ML,CHANDON RESERVE BRUT,,,,,750,espumante,ativo,0.88,2,4,16,A,150,0,0,,,,,2026-06-06T14:28:40.761471,2026-06-06T14:28:40.761471
b19c2803-e879-4d9f-b4ec-de74371715af,17839,ALMA NEGRA M BLEND 750 ML,ALMA NEGRA M BLEND,,,,,750,tinto,ativo,0.84,2,4,16,A,150,0,0,,,,,2026-06-06T14:28:40.761471,2026-06-06T14:28:40.761471
72c7fb80-1dfa-490a-8ad7-423bd25cda5a,17441,CANTINE DI ORA AMICALE ROSSO - 750 ML,CANTINE DI ORA AMICALE ROSSO -,,,,,750,rose,ativo,0.8,2,4,15,A,150,0,0,,,,,2026-06-06T14:28:40.761471,2026-06-06T14:28:40.761471
18009537-a5c2-465d-b879-c044a3742fe6,4774,TAITTINGER BRUT 750 ML,TAITTINGER BRUT,,,,,750,espumante,ativo,0.8,2,4,15,B,150,0,0,,,,,2026-06-06T14:28:40.761471,2026-06-06T14:28:40.761471
cbebca1a-aed9-4a37-b151-83f9859cfba3,15620,BOTTEGA PETALO MOSCATO 750 ML,BOTTEGA PETALO MOSCATO,,,,,750,espumante,ativo,0.76,1,2,14,B,150,0,0,,,,,2026-06-06T14:28:40.761471,2026-06-06T14:28:40.761471
5f88d48d-6608-4bf2-a3fa-d434b7ee82ea,9468,DI LENARDO PINOT GRIGIO 750ML,DI LENARDO PINOT GRIGIO,,,,,750,branco,ativo,0.76,1,2,14,B,150,0,0,,,,,2026-06-06T14:28:40.761471,2026-06-06T14:28:40.761471
67fa170b-ceac-47ab-9ce0-9f948a5dde73,16856,JACOPO BIONDI SANTI BRACCALE - 750 ML,JACOPO BIONDI SANTI BRACCALE -,,,,,750,tinto,ativo,0.68,1,2,13,B,150,0,0,,,,,2026-06-06T14:28:40.761471,2026-06-06T14:28:40.761471
0393f8cd-b9e9-4a13-9b2c-65aa6787e7de,15912,1/2 PIZZATO CHARDONNAY 375 ML.,PIZZATO CHARDONNAY.,,,,,375,branco,ativo,0.64,1,2,12,B,150,0,0,,,,,2026-06-06T14:28:40.761471,2026-06-06T14:28:40.761471
0bdacfe0-47b8-4eb5-a92e-ddd289423f2e,16665,ESPUMANTE VALLOTANO MOSCATEL 750ML,ESPUMANTE VALLOTANO MOSCATEL,,,,,750,espumante,ativo,0.64,1,2,12,B,150,0,0,,,,,2026-06-06T14:28:40.761471,2026-06-06T14:28:40.761471
22bed4e6-6430-4c6b-a4a3-588ab6caf964,15221,D.V CATENA CABERNET SAUVIGNON MALBEC - 750 ML,D.V CATENA CABERNET SAUVIGNON MALBEC -,,,,,750,tinto,ativo,0.567,1,2,11,B,150,0,0,,,,,2026-06-06T14:28:40.761471,2026-06-06T14:28:40.761471
e13bf8a3-027c-431b-b983-32f9da72f131,17337,1/2 CATENA ZAPATA CHARDONNAY 375 ML,CATENA ZAPATA CHARDONNAY,,,,,375,branco,ativo,0.56,1,2,11,B,150,0,0,,,,,2026-06-06T14:28:40.761471,2026-06-06T14:28:40.761471
a5408564-3c6a-40bd-a9ae-984d77aa8ade,14336,CASTELLO BANFI CENTINE TOSCANA TINTO - 750 ML,CASTELLO BANFI CENTINE TOSCANA TINTO -,,,,,750,tinto,ativo,0.52,1,2,10,B,150,0,0,,,,,2026-06-06T14:28:40.761471,2026-06-06T14:28:40.761471
bca1125f-aeb7-4f70-aaf5-c94281125d9c,2066,EMILIANA NOVAS GRAN RESERVA CARMENÉRE/CABERNET SAUVIGNON - 750 ML,EMILIANA NOVAS GRAN RESERVA CARMENÉRE/CABERNET SAUVIGNON -,,,,,750,tinto,ativo,0.487,1,2,9,B,150,0,0,,,,,2026-06-06T14:28:40.761471,2026-06-06T14:28:40.761471
bf8003b6-82f9-4d19-80ce-a0d9d996d14c,1085,JACOPO BIONDI SANTI SASSOALLORO - 750 ML,JACOPO BIONDI SANTI SASSOALLORO -,,,,,750,tinto,ativo,0.48,1,2,9,B,150,0,0,,,,,2026-06-06T14:28:40.761471,2026-06-06T14:28:40.761471
08ab091d-450b-4599-8452-61b56c283fc1,14630,BORGONE TOSCANA ROSSO IGT 750 ML,BORGONE TOSCANA ROSSO IGT,,,,,750,rose,ativo,0.44,1,2,8,B,150,0,0,,,,,2026-06-06T14:28:40.761471,2026-06-06T14:28:40.761471
1e895d1c-ebb9-4b1f-b429-43ee18d6dd39,17897,LUIGI BOSCA - MALBEC - 750 ML,LUIGI BOSCA - MALBEC -,,,,,750,tinto,ativo,0.4,1,2,8,B,150,0,0,,,,,2026-06-06T14:28:40.761471,2026-06-06T14:28:40.761471
71871eca-6564-4bd1-8059-0a9793185c00,17902,NORTON MALBEC DOC - 750 ML,NORTON MALBEC DOC -,,,,,750,tinto,ativo,0.4,1,2,8,B,150,0,0,,,,,2026-06-06T14:28:40.761471,2026-06-06T14:28:40.761471
ff3575ed-b0b8-4716-a2d9-324defbb5ae2,8681,VINOSIA DAL 1947 TERRE DI SAN VICENZO PRIMITIVO DI MANDURIA - 750 ML,VINOSIA DAL 1947 TERRE DI SAN VICENZO PRIMITIVO DI MANDURIA -,,,,,750,tinto,ativo,0.4,1,2,8,B,150,0,0,,,,,2026-06-06T14:28:40.761471,2026-06-06T14:28:40.761471
cf94a970-70ee-4f5e-93dd-6a331bb06a03,14878,DON AMERIGO RESERVA CABERNET SAUVINGNON 750 ML,DON AMERIGO RESERVA CABERNET SAUVINGNON,,,,,750,tinto,ativo,0.36,1,2,7,B,150,0,0,,,,,2026-06-06T14:28:40.761471,2026-06-06T14:28:40.761471
62ab2bbc-b11f-4059-88b3-9f633efd10b0,15908,BUENO BELLAVISTA ESTATE SAUVIGNON BLANC - 750ML - N/C,BUENO BELLAVISTA ESTATE SAUVIGNON BLANC -,,,,,750,branco,ativo,0.333,1,2,6,B,150,0,0,,,,,2026-06-06T14:28:40.761471,2026-06-06T14:28:40.761471
8615cc08-8e5f-43f9-b045-3a87b3ae27a9,1007,CAVE GEISSE BRUT 750 ML,CAVE GEISSE BRUT,,,,,750,espumante,ativo,0.32,1,2,6,B,150,0,0,,,,,2026-06-06T14:28:40.761471,2026-06-06T14:28:40.761471
7caa8733-7dea-4c20-8ba7-72cf43a33422,17759,COBOS FELINO CABERNET SAUVIGNON - 750ML N/C,COBOS FELINO CABERNET SAUVIGNON,,,,,750,tinto,ativo,0.32,1,2,6,B,150,0,0,,,,,2026-06-06T14:28:40.761471,2026-06-06T14:28:40.761471
5c7d8ae3-ee90-4826-be19-b7017155d0c1,15312,GARZON ESTATE PINOT NOIR ROSE 750 ML,GARZON ESTATE PINOT NOIR ROSE,,,,,750,rose,ativo,0.32,1,2,6,B,150,0,0,,,,,2026-06-06T14:28:40.761471,2026-06-06T14:28:40.761471
ae6b22c1-0101-4cb2-a2bc-1ed78fa2a43d,18056,VILLA ANTINORI ROSSO TOSCANA IGT 750ML,VILLA ANTINORI ROSSO TOSCANA IGT,,,,,750,rose,ativo,0.32,1,2,6,B,150,0,0,,,,,2026-06-06T14:28:40.761471,2026-06-06T14:28:40.761471
280f5b19-167e-4f58-a3dd-a9a647acfea0,17442,BRUNILDE DI MENZIONE AGLIANICO DEL VULTURE - 750 ML,BRUNILDE DI MENZIONE AGLIANICO DEL VULTURE -,,,,,750,tinto,ativo,0.28,1,2,6,B,150,0,0,,,,,2026-06-06T14:28:40.761471,2026-06-06T14:28:40.761471
abe96d14-5ca8-4821-add9-2921a49f6e72,17440,LE ANFORE ROSSO SALENTO IGT - 750 ML,LE ANFORE ROSSO SALENTO IGT -,,,,,750,rose,ativo,0.28,1,2,6,B,150,0,0,,,,,2026-06-06T14:28:40.761471,2026-06-06T14:28:40.761471
3ae712e4-f318-42d9-b607-ffe95a917b6c,1118,PERRIN LA VIEILLE FERME ROSE - 750ML,PERRIN LA VIEILLE FERME ROSE -,,,,,750,rose,ativo,0.28,1,2,6,B,150,0,0,,,,,2026-06-06T14:28:40.761471,2026-06-06T14:28:40.761471
d780c19b-cde2-45e2-b81f-333209ed92b3,15394,SCHIOPETTO SAUVINGNON COLLIO - 750 ML - N/C,SCHIOPETTO SAUVINGNON COLLIO -,,,,,750,tinto,ativo,0.28,1,2,6,B,150,0,0,,,,,2026-06-06T14:28:40.761471,2026-06-06T14:28:40.761471
77a5557d-a93e-4dd4-9f2b-00cae4e37edd,15884,1/2  CASTELLO BANFI ROSSO DI MONTALCINO 375 ML,CASTELLO BANFI ROSSO DI MONTALCINO,,,,,375,rose,ativo,0.24,1,2,5,B,150,0,0,,,,,2026-06-06T14:28:40.761471,2026-06-06T14:28:40.761471
d9159a4b-cb52-471b-a7de-bdd7fb7c3af7,17970,BUENO RESERVA PINOT NOIR - 750 ML - N/C,BUENO RESERVA PINOT NOIR -,,,,,750,tinto,ativo,0.24,1,2,5,B,150,0,0,,,,,2026-06-06T14:28:40.761471,2026-06-06T14:28:40.761471
ac208b6f-5782-463b-9a83-ee6cae9c1eee,1013,CHATEAU BEL AIR 750 ML,CHATEAU BEL AIR,,,,,750,tinto,ativo,0.24,1,2,5,B,150,0,0,,,,,2026-06-06T14:28:40.761471,2026-06-06T14:28:40.761471
e6de99ff-1471-4515-be60-6821be23a450,2132,PERRIN LA VIEILLE FERME ROUGE - 750 ML,PERRIN LA VIEILLE FERME ROUGE -,,,,,750,tinto,ativo,0.24,1,2,5,B,150,0,0,,,,,2026-06-06T14:28:40.761471,2026-06-06T14:28:40.761471
0ea71694-9871-4c2f-b6f0-39f4e595dae5,10156,PIZZATO RESERVA MERLOT 750 ML - N/C,PIZZATO RESERVA MERLOT,,,,,750,tinto,ativo,0.24,1,2,5,B,150,0,0,,,,,2026-06-06T14:28:40.761471,2026-06-06T14:28:40.761471
7b521bf9-6fa0-46b0-9a3e-6c4b3b791690,16910,RAR CABERNET SAUVIGNON/ MERLOT LAUREA - 750 ML,RAR CABERNET SAUVIGNON/ MERLOT LAUREA -,,,,,750,tinto,ativo,0.24,1,2,5,B,150,0,0,,,,,2026-06-06T14:28:40.761471,2026-06-06T14:28:40.761471
7cf83e87-ed2a-42bf-9564-b4116f526439,16654,RAR MASI PINOT GRIGIO TORRONTES 750 ML - N/C,RAR MASI PINOT GRIGIO TORRONTES,,,,,750,branco,ativo,0.24,1,2,5,B,150,0,0,,,,,2026-06-06T14:28:40.761471,2026-06-06T14:28:40.761471
678d1a69-13e4-497b-a591-6affbcd55f94,10995,TERRAZAS RESERVA CHARDONNAY 750ML (BAILE CARNAVAL),TERRAZAS RESERVA CHARDONNAY(BAILE CARNAVAL),,,,,750,branco,ativo,0.24,1,2,5,B,150,0,0,,,,,2026-06-06T14:28:40.761471,2026-06-06T14:28:40.761471
4a4635d6-3a06-4c4c-b3c6-83c5e0e348c4,18055,VILLA ANTINORI BIANCO TOSCANA IGT 750ML,VILLA ANTINORI BIANCO TOSCANA IGT,,,,,750,tinto,ativo,0.24,1,2,5,B,150,0,0,,,,,2026-06-06T14:28:40.761471,2026-06-06T14:28:40.761471
307e4a88-b1db-4705-83a9-0c812c35db41,16372,BOSIO BARBERA D' ALBA EGIDIO BARRIQUE DOC - 750 ML,BOSIO BARBERA D' ALBA EGIDIO BARRIQUE DOC -,,,,,750,tinto,ativo,0.207,1,2,4,B,150,0,0,,,,,2026-06-06T14:28:40.761471,2026-06-06T14:28:40.761471
faae1537-0eff-4cfe-940c-4eb84f4b0d13,883,GARCES SILVA AMAYNA SAUVIGNON BLANC 750 ML,GARCES SILVA AMAYNA SAUVIGNON BLANC,,,,,750,branco,ativo,0.2,1,2,4,B,150,0,0,,,,,2026-06-06T14:28:40.761471,2026-06-06T14:28:40.761471
306dd04d-3eb3-417c-a472-2e5ca0fa3447,16801,GARZON RESERVA TANNAT -750 ML - N/C,GARZON RESERVA TANNAT -,,,,,750,tinto,ativo,0.2,1,2,4,B,150,0,0,,,,,2026-06-06T14:28:40.761471,2026-06-06T14:28:40.761471
14a9c3ff-0712-4305-b8ce-2aadd37d3eb2,10812,GOICHOT FRERES BOURGOGNE PINOT NOIR 750 ML,GOICHOT FRERES BOURGOGNE PINOT NOIR,,,,,750,tinto,ativo,0.2,1,2,4,B,150,0,0,,,,,2026-06-06T14:28:40.761471,2026-06-06T14:28:40.761471
0d2aea6e-2b03-4c67-9653-6700a1fbca9a,14307,GRECO DI TUFO DOCG 750 ML,GRECO DI TUFO DOCG,,,,,750,branco,ativo,0.2,1,2,4,B,150,0,0,,,,,2026-06-06T14:28:40.761471,2026-06-06T14:28:40.761471
158ca328-8c60-4a36-9daa-4c7538100b98,12877,LEYDA RESERVA PINOT NOIR - 750ML,LEYDA RESERVA PINOT NOIR -,,,,,750,tinto,ativo,0.2,1,2,4,B,150,0,0,,,,,2026-06-06T14:28:40.761471,2026-06-06T14:28:40.761471
9731c88d-385f-4021-b189-be977b50816e,15505,PLANETA CERASUOLO DI VITTORIA DOCG - 750 ML - N/C,PLANETA CERASUOLO DI VITTORIA DOCG -,,,,,750,tinto,ativo,0.167,1,2,4,C,150,0,0,,,,,2026-06-06T14:28:40.761471,2026-06-06T14:28:40.761471
6e9ca3ed-3c84-4654-8642-3bfdcf5d4329,822,ANGELICA ZAPATA MALBEC - CATENA ZAPATA -  750 ML,ANGELICA ZAPATA MALBEC - CATENA ZAPATA -,,,,,750,tinto,ativo,0.16,1,2,3,C,150,0,0,,,,,2026-06-06T14:28:40.761471,2026-06-06T14:28:40.761471
8091817b-740a-4185-a47b-ab29fa876abf,13392,CONCHA Y TORO MARQUES DE CASA CONCHA CABERNET SAUVIGNON - 750 ML,CONCHA Y TORO MARQUES DE CASA CONCHA CABERNET SAUVIGNON -,,,,,750,tinto,ativo,0.16,1,2,3,C,150,0,0,,,,,2026-06-06T14:28:40.761471,2026-06-06T14:28:40.761471
4cdad5a4-4643-4e06-aa54-db9b3bcb6a7f,834,D.V CATENA MALBEC MALBEC - 750 ML - N/C,D.V CATENA MALBEC MALBEC -,,,,,750,tinto,ativo,0.16,1,2,3,C,150,0,0,,,,,2026-06-06T14:28:40.761471,2026-06-06T14:28:40.761471
47c29ed3-0b8f-4c1d-81d8-4cdebbd24f29,2065,EMILIANA NOVAS GRAN RESERVA CHARDONNAY 750 ML,EMILIANA NOVAS GRAN RESERVA CHARDONNAY,,,,,750,branco,ativo,0.16,1,2,3,C,150,0,0,,,,,2026-06-06T14:28:40.761471,2026-06-06T14:28:40.761471
ae49e1e0-ffa4-4898-adac-fd24592deee9,1861,JACOB'S CREEK SHIRAZ  - 750 ML,JACOB'S CREEK SHIRAZ -,,,,,750,tinto,ativo,0.16,1,2,3,C,150,0,0,,,,,2026-06-06T14:28:40.761471,2026-06-06T14:28:40.761471
53b8e409-1b64-40de-aef4-04edad4bf647,1017,LA VIEILLE FERME BLANC 750 ML,LA VIEILLE FERME BLANC,,,,,750,tinto,ativo,0.16,1,2,3,C,150,0,0,,,,,2026-06-06T14:28:40.761471,2026-06-06T14:28:40.761471
01a7ade1-fa43-48bb-92a4-7875fad16bd0,978,LAMBRUSCO REGGIANO CONCERTO 750 ML,LAMBRUSCO REGGIANO CONCERTO,,,,,750,tinto,ativo,0.16,1,2,3,C,150,0,0,,,,,2026-06-06T14:28:40.761471,2026-06-06T14:28:40.761471
e0f48f76-9c23-4427-84ad-87254eb48af7,14223,LE MARCHESINE - OPERA ROSE   750 ML,LE MARCHESINE - OPERA ROSE,,,,,750,rose,ativo,0.16,1,2,3,C,150,0,0,,,,,2026-06-06T14:28:40.761471,2026-06-06T14:28:40.761471
7ecf2ad4-9e97-4ea5-a0a4-f3304a7a8e92,921,MONTES ALPHA CABERNET SAUVIGNON - 750ML,MONTES ALPHA CABERNET SAUVIGNON -,,,,,750,tinto,ativo,0.16,1,2,3,C,150,0,0,,,,,2026-06-06T14:28:40.761471,2026-06-06T14:28:40.761471
f5f672a2-f3b9-48d3-8cd6-5b58410d2a1b,2965,RAR COLLEZIONE PINOT NOIR - 750 ML,RAR COLLEZIONE PINOT NOIR -,,,,,750,tinto,ativo,0.16,1,2,3,C,150,0,0,,,,,2026-06-06T14:28:40.761471,2026-06-06T14:28:40.761471
87b7eae9-cdef-4c22-93a8-6cfd2d1fa93a,15680,SOPRASASSO VALPOLICELLA DOC - 750 ML,SOPRASASSO VALPOLICELLA DOC -,,,,,750,tinto,ativo,0.16,1,2,3,C,150,0,0,,,,,2026-06-06T14:28:40.761471,2026-06-06T14:28:40.761471
3c4dd918-b60e-4a5b-b882-da94913dc7b1,17367,ZUCCARDI Q CABERNET FRANC - 750 ML,ZUCCARDI Q CABERNET FRANC -,,,,,750,tinto,ativo,0.16,1,2,3,C,150,0,0,,,,,2026-06-06T14:28:40.761471,2026-06-06T14:28:40.761471
ae0394db-50b8-4348-8e99-f605ac4d4086,15155,ALLEGRINI VALPOLICELLA DOC - 750 ML,ALLEGRINI VALPOLICELLA DOC -,,,,,750,tinto,ativo,0.14,1,2,3,C,150,0,0,,,,,2026-06-06T14:28:40.761471,2026-06-06T14:28:40.761471
9c5c8e13-bc97-4048-8b90-69111d155d45,15891,RAR COLLEZIONE VIOGNIER 750ML - N/C,RAR COLLEZIONE VIOGNIER,,,,,750,branco,ativo,0.127,1,2,3,C,150,0,0,,,,,2026-06-06T14:28:40.761471,2026-06-06T14:28:40.761471
793d3f9f-9217-40de-842a-acf2ba6e2de0,814,BARISTA PINOTAGE - 750 ML,BARISTA PINOTAGE -,,,,,750,tinto,ativo,0.12,1,2,3,C,150,0,0,,,,,2026-06-06T14:28:40.761471,2026-06-06T14:28:40.761471
4501741a-7455-4c10-9b48-049453084dfb,17443,FIANO DEL SALENTO - 750 ML - N/C,FIANO DEL SALENTO -,,,,,750,branco,ativo,0.12,1,2,3,C,150,0,0,,,,,2026-06-06T14:28:40.761471,2026-06-06T14:28:40.761471
ad07da9a-405b-4b27-b19d-8aec480644e8,17365,LUIGI BOSCA DE SANGRE CABERNET SAUVIGNON - 750 ML,LUIGI BOSCA DE SANGRE CABERNET SAUVIGNON -,,,,,750,tinto,ativo,0.12,1,2,3,C,150,0,0,,,,,2026-06-06T14:28:40.761471,2026-06-06T14:28:40.761471
f55ea219-510a-42de-aa32-ff1df03bc609,15468,PIZZATO RESERVA ALICANTE BOUSCHET 750ML,PIZZATO RESERVA ALICANTE BOUSCHET,,,,,750,tinto,ativo,0.12,1,2,3,C,150,0,0,,,,,2026-06-06T14:28:40.761471,2026-06-06T14:28:40.761471
34918adc-4944-45af-9f81-d31ad6524439,18558,PROSECCO IL FRESCO MILLESIMATO BRUT DOC - VILLA SANDI 750ML (WINE DINNER),PROSECCO IL FRESCO MILLESIMATO BRUT DOC - VILLA SANDI(WINE DINNER),,,,,750,espumante,ativo,0.12,1,2,3,C,150,0,0,,,,,2026-06-06T14:28:40.761471,2026-06-06T14:28:40.761471
a72b8e23-3fd2-4d28-ac09-a744e6c87b5a,14260,PROSECCO IL FRESCO ROSE MILLESIMATO BRUT DOC - VILLA SANDI 750ML - N/C,PROSECCO IL FRESCO ROSE MILLESIMATO BRUT DOC - VILLA SANDI,,,,,750,espumante,ativo,0.12,1,2,3,C,150,0,0,,,,,2026-06-06T14:28:40.761471,2026-06-06T14:28:40.761471
03b481fc-afbf-4384-b461-d7c59f98b4b8,18559,ROCCA DELLE MACIE CAMPO MACCCIONE VERMENTINO MAREMMA 750ML- N/C,ROCCA DELLE MACIE CAMPO MACCCIONE VERMENTINO MAREMMA,,,,,750,branco,ativo,0.12,1,2,3,C,150,0,0,,,,,2026-06-06T14:28:40.761471,2026-06-06T14:28:40.761471
68aafeb2-8e52-481c-ae45-eaadf158d534,18560,ROCCA DELLE MACIE CAMPO MACIE CHIANTI CLASSIO 750ML (WINE DINNER),ROCCA DELLE MACIE CAMPO MACIE CHIANTI CLASSIO(WINE DINNER),,,,,750,tinto,ativo,0.12,1,2,3,C,150,0,0,,,,,2026-06-06T14:28:40.761471,2026-06-06T14:28:40.761471
1896bc6f-2251-4244-894f-f97a2012fd53,18561,ROCCA DELLE MACIE CAMPO MACIE CHIANTI CLASSIO RISERVA DOCG 750ML (WINE DINNER),ROCCA DELLE MACIE CAMPO MACIE CHIANTI CLASSIO RISERVA DOCG(WINE DINNER),,,,,750,tinto,ativo,0.12,1,2,3,C,150,0,0,,,,,2026-06-06T14:28:40.761471,2026-06-06T14:28:40.761471
d1b293f3-0882-4577-9181-0c21c078eaee,1925,VEUVE CLICQUOT BRUT 750ML,VEUVE CLICQUOT BRUT,,,,,750,espumante,ativo,0.12,1,2,3,C,150,0,0,,,,,2026-06-06T14:28:40.761471,2026-06-06T14:28:40.761471
dcd62a62-f44c-44c4-97df-d7235f24d6fc,16651,VIGNETI DELLE DOLOMITI IGT ROSSO - 750 ML,VIGNETI DELLE DOLOMITI IGT ROSSO -,,,,,750,rose,ativo,0.12,1,2,3,C,150,0,0,,,,,2026-06-06T14:28:40.761471,2026-06-06T14:28:40.761471
bbc0db11-ba6f-4a4d-be76-e39fd5d0e93c,17260,WHISPERING ANGEL ROSE 750 ML,WHISPERING ANGEL ROSE,,,,,750,rose,ativo,0.12,1,2,3,C,150,0,0,,,,,2026-06-06T14:28:40.761471,2026-06-06T14:28:40.761471
f654977f-2616-4b4d-81ca-97b294367cfd,17354,BARON PHILIPPE DE ROTHSCHILD BARON HENRI MEDOC - 750 ML,BARON PHILIPPE DE ROTHSCHILD BARON HENRI MEDOC -,,,,,750,tinto,ativo,0.1,1,2,2,C,150,0,0,,,,,2026-06-06T14:28:40.761471,2026-06-06T14:28:40.761471
85c2edde-e3a5-402a-b3c6-941e67c0ece0,1088,DELLA VALPOLICELLA - NOVAIA 500ML (EVENTO SR. SERGIO),DELLA VALPOLICELLA - NOVAIA 500ML (EVENTO SR. SERGIO),,,,,750,tinto,ativo,0.093,1,2,2,C,150,0,0,,,,,2026-06-06T14:28:40.761471,2026-06-06T14:28:40.761471
9c1b11c4-f9cb-465a-b6df-88ad3f940989,17456,RAR COLLEZIONE GEWURZTRAMIVER - 750 ML - N/C,RAR COLLEZIONE GEWURZTRAMIVER -,,,,,750,tinto,ativo,0.087,1,2,2,C,150,0,0,,,,,2026-06-06T14:28:40.761471,2026-06-06T14:28:40.761471
9a33d8fd-d13b-4644-b542-e02d14f29970,17335,1/2 JOSEPH DROUHIN CHABLIS 375 ML,JOSEPH DROUHIN CHABLIS,,,,,375,branco,ativo,0.08,1,2,2,C,150,0,0,,,,,2026-06-06T14:28:40.761471,2026-06-06T14:28:40.761471
1ead37ba-9129-4f46-9363-5988c946579b,14857,ARROCAL PASSIÓN CRIANZA - 750 ML,ARROCAL PASSIÓN CRIANZA -,,,,,750,tinto,ativo,0.08,1,2,2,C,150,0,0,,,,,2026-06-06T14:28:40.761471,2026-06-06T14:28:40.761471
e45b0b14-4479-445f-9ea2-1069efa3bcce,17447,BARBERA D'ASTI PALAS DOCG - MICHELLE 750ML (RUPTURA),BARBERA D'ASTI PALAS DOCG - MICHELLE,,,,,750,tinto,ativo,0.08,1,2,2,C,150,0,0,,,,,2026-06-06T14:28:40.761471,2026-06-06T14:28:40.761471
190e3078-c6f5-4b97-9f52-1c4564a46392,17346,BUENO TINTO PETIT VERDOT RESERVA - 750 ML,BUENO TINTO PETIT VERDOT RESERVA -,,,,,750,tinto,ativo,0.08,1,2,2,C,150,0,0,,,,,2026-06-06T14:28:40.761471,2026-06-06T14:28:40.761471
30c1302c-2b25-43f9-bb18-3f47597ee13c,15892,CARTUXA BRANCO FUNDAÇÃO EUGENIO DE ALMEIDA - 750 ML,CARTUXA BRANCO FUNDAÇÃO EUGENIO DE ALMEIDA -,,,,,750,branco,ativo,0.08,1,2,2,C,150,0,0,,,,,2026-06-06T14:28:40.761471,2026-06-06T14:28:40.761471
7e615a66-a21f-43f2-a4b8-109a266f8db3,16308,CASTELO BANFI CENTINE BIANCO 750 ML,CASTELO BANFI CENTINE BIANCO,,,,,750,tinto,ativo,0.08,1,2,2,C,150,0,0,,,,,2026-06-06T14:28:40.761471,2026-06-06T14:28:40.761471
ebae70ec-2e1f-4231-be51-d4427f551312,1021,DOMAINE JOSEPH DROUHIN VILLAGES - 750 ML - N/C,DOMAINE JOSEPH DROUHIN VILLAGES -,,,,,750,tinto,ativo,0.08,1,2,2,C,150,0,0,,,,,2026-06-06T14:28:40.761471,2026-06-06T14:28:40.761471
f0ff4313-6e89-4dc4-b47c-a60ef6b1c084,16374,DOMINIQUE LAURENT BOURGOGNE CHARDONNAY - 750 ML,DOMINIQUE LAURENT BOURGOGNE CHARDONNAY -,,,,,750,branco,ativo,0.08,1,2,2,C,150,0,0,,,,,2026-06-06T14:28:40.761471,2026-06-06T14:28:40.761471
658d172a-0c59-44e5-b0af-950e5429087c,14879,DON AMERIGO GRAND RESERVA SYRAH 750 ML,DON AMERIGO GRAND RESERVA SYRAH,,,,,750,tinto,ativo,0.08,1,2,2,C,150,0,0,,,,,2026-06-06T14:28:40.761471,2026-06-06T14:28:40.761471
1979618b-01aa-4aa3-9fa9-0a33808aa155,14880,DON AMERIGO RESERVA PEDRO XIMENEZ - 750 ML,DON AMERIGO RESERVA PEDRO XIMENEZ -,,,,,750,sobremesa,ativo,0.08,1,2,2,C,150,0,0,,,,,2026-06-06T14:28:40.761471,2026-06-06T14:28:40.761471
253c9c6c-bac1-461b-a6df-38be5170dfc5,16656,ESPUMANTE VALLOTANO BRUT 750ML - N/C,ESPUMANTE VALLOTANO BRUT,,,,,750,espumante,ativo,0.08,1,2,2,C,150,0,0,,,,,2026-06-06T14:28:40.761471,2026-06-06T14:28:40.761471
18f1b8c7-24c0-467a-8992-15188642871b,9550,FAMILLE PERRIN COTES DU RHONE RESERVE ROUGE - 750 ML,FAMILLE PERRIN COTES DU RHONE RESERVE ROUGE -,,,,,750,tinto,ativo,0.08,1,2,2,C,150,0,0,,,,,2026-06-06T14:28:40.761471,2026-06-06T14:28:40.761471
d1d72662-e2a5-4d43-9b4d-61bc700f62b1,2261,FEUDI DI SAN MARZANO PRIMITIVO DI MANDURIA SESSANTANNI DOC - 750 ML,FEUDI DI SAN MARZANO PRIMITIVO DI MANDURIA SESSANTANNI DOC -,,,,,750,tinto,ativo,0.08,1,2,2,C,150,0,0,,,,,2026-06-06T14:28:40.761471,2026-06-06T14:28:40.761471
6bc1e264-9662-46c6-9fe5-a8245afe75c2,2494,MARQUES DE MURRIETA RESERVA TINTO - 750 ML,MARQUES DE MURRIETA RESERVA TINTO -,,,,,750,tinto,ativo,0.08,1,2,2,C,150,0,0,,,,,2026-06-06T14:28:40.761471,2026-06-06T14:28:40.761471
29276227-6617-4240-88e0-fe9ef5acb00b,923,MONTES ALPHA SYRAH - 750 ML,MONTES ALPHA SYRAH -,,,,,750,tinto,ativo,0.08,1,2,2,C,150,0,0,,,,,2026-06-06T14:28:40.761471,2026-06-06T14:28:40.761471
8b3b7260-dd18-4599-8ace-5127a5f31ec0,17351,MOUTON CADET ROUGE - 750 ML - N/C,MOUTON CADET ROUGE -,,,,,750,tinto,ativo,0.08,1,2,2,C,150,0,0,,,,,2026-06-06T14:28:40.761471,2026-06-06T14:28:40.761471
c28c7974-3394-4e8b-80a7-5bdc3c90da80,15913,PIZZATO LEGNO CHARDONNAY GRAN RESERVA D.O.V.V - 750 ML,PIZZATO LEGNO CHARDONNAY GRAN RESERVA D.O.V.V -,,,,,750,branco,ativo,0.08,1,2,2,C,150,0,0,,,,,2026-06-06T14:28:40.761471,2026-06-06T14:28:40.761471
278f341a-7ec6-4068-a795-37c0f4c4e594,15233,RAR RESERVA DE FAMILIA CABERNET SAUVIGNON  MERLOT 750 ML - N/C,RAR RESERVA DE FAMILIA CABERNET SAUVIGNON MERLOT,,,,,750,tinto,ativo,0.08,1,2,2,C,150,0,0,,,,,2026-06-06T14:28:40.761471,2026-06-06T14:28:40.761471
75029dfc-edfc-4cf7-8e0a-52c0deb50eeb,14172,SAN MARZANO F NEGROAMARO SALENTO - 750 ML (RUPTURA),SAN MARZANO F NEGROAMARO SALENTO -,,,,,750,tinto,ativo,0.08,1,2,2,C,150,0,0,,,,,2026-06-06T14:28:40.761471,2026-06-06T14:28:40.761471
12d7e094-d677-4783-b7a5-b40392c4e9d0,15570,ST. MICHAEL PINOT BLANC NAHE 750 ML,ST. MICHAEL PINOT BLANC NAHE,,,,,750,tinto,ativo,0.08,1,2,2,C,150,0,0,,,,,2026-06-06T14:28:40.761471,2026-06-06T14:28:40.761471
53e090fb-e124-45a1-9904-4266d99a1b64,18598,TERRAZAS EXTREMO 750 ML (WINE DINNDER),TERRAZAS EXTREMO(WINE DINNDER),,,,,750,tinto,ativo,0.08,1,2,2,C,150,0,0,,,,,2026-06-06T14:28:40.761471,2026-06-06T14:28:40.761471
95cbf397-ba2f-42bd-9c69-ce2ac22be7d0,18597,TERRAZAS GRAND CHARDONNAY 750 ML (WINE DINNDER),TERRAZAS GRAND CHARDONNAY(WINE DINNDER),,,,,750,branco,ativo,0.08,1,2,2,C,150,0,0,,,,,2026-06-06T14:28:40.761471,2026-06-06T14:28:40.761471
61e8f140-a0d5-4708-baed-2d93de13417e,18600,TERRAZAS GRAND MALBEC 750 ML (WINE DINNDER),TERRAZAS GRAND MALBEC(WINE DINNDER),,,,,750,tinto,ativo,0.08,1,2,2,C,150,0,0,,,,,2026-06-06T14:28:40.761471,2026-06-06T14:28:40.761471
36979a99-5603-45ee-b566-38083016c57b,18599,TERRAZAS PETIT MANSENG LATE HARVEST 375 ML (WINE DINNDER),TERRAZAS PETIT MANSENG LATE HARVEST(WINE DINNDER),,,,,375,sobremesa,ativo,0.08,1,2,2,C,150,0,0,,,,,2026-06-06T14:28:40.761471,2026-06-06T14:28:40.761471
d244bd0f-a466-4879-a687-80c7e138c7f5,1110,CARTUXA COLHEITA - FUNDACAO EUGENIO DE ALMEIDA 750 ML,CARTUXA COLHEITA - FUNDACAO EUGENIO DE ALMEIDA,,,,,750,tinto,ativo,0.06,1,2,2,C,150,0,0,,,,,2026-06-06T14:28:40.761471,2026-06-06T14:28:40.761471
bf3d6a5e-9bcb-466b-ba19-80df675b05f9,1018,DOPFF & FILS RIESLING ALSACE 750 ML,DOPFF & FILS RIESLING ALSACE,,,,,750,branco,ativo,0.047,1,2,1,C,150,0,0,,,,,2026-06-06T14:28:40.761471,2026-06-06T14:28:40.761471
c003e4a3-2b88-452d-aaeb-f53f7c518592,13175,MAZZEI FONTERUTOLI CHIANTI CLASSICO - 750 ML (RUPTURA),MAZZEI FONTERUTOLI CHIANTI CLASSICO -,,,,,750,tinto,ativo,0.047,1,2,1,C,150,0,0,,,,,2026-06-06T14:28:40.761471,2026-06-06T14:28:40.761471
49fac793-bafe-4f12-93fc-516cfb015b0a,2487,1/2  CASTELLO BANFI BRUNELLO DI MONTALCINO 375 ML,CASTELLO BANFI BRUNELLO DI MONTALCINO,,,,,375,tinto,ativo,0.04,1,2,1,C,150,0,0,,,,,2026-06-06T14:28:40.761471,2026-06-06T14:28:40.761471
bbb798fa-b4e7-4b1c-811a-9b9ccf176d3f,15231,ALLEGRINI PALAZZO DELLA TORRE - 750 ML,ALLEGRINI PALAZZO DELLA TORRE -,,,,,750,tinto,ativo,0.04,1,2,1,C,150,0,0,,,,,2026-06-06T14:28:40.761471,2026-06-06T14:28:40.761471
4e6b91ba-8677-4dc9-98b5-985f4765cecf,3096,ALMAVIVA 2021 - 750 ML,ALMAVIVA 2021 -,,,,,750,tinto,ativo,0.04,1,2,1,C,150,0,0,,,,,2026-06-06T14:28:40.761471,2026-06-06T14:28:40.761471
4d3f060e-c1ac-4491-ad68-5ed56a4f6021,13508,ALMAVIVA EPU ASSEMBLAGE 2018 - 750ML,ALMAVIVA EPU ASSEMBLAGE 2018 -,,,,,750,tinto,ativo,0.04,1,2,1,C,150,0,0,,,,,2026-06-06T14:28:40.761471,2026-06-06T14:28:40.761471
1e31a961-0c1e-46ba-9491-660a578f3bce,2100,CARTUXA RESERVA - 750 ML,CARTUXA RESERVA -,,,,,750,tinto,ativo,0.04,1,2,1,C,150,0,0,,,,,2026-06-06T14:28:40.761471,2026-06-06T14:28:40.761471
c27e7fad-036e-405e-b8b3-a0e3a8ad9a5d,1858,CHEVAL DEL ANDES 2018 -  750 ML,CHEVAL DEL ANDES 2018 -,,,,,750,tinto,ativo,0.04,1,2,1,C,150,0,0,,,,,2026-06-06T14:28:40.761471,2026-06-06T14:28:40.761471
40fcda99-5c91-4d4b-b1cd-1e51fc3b65cc,975,DOM PERIGNON VINTAGE 2012/2013 - 750 ML,DOM PERIGNON VINTAGE 2012/2013 -,,,,,750,tinto,ativo,0.04,1,2,1,C,150,0,0,,,,,2026-06-06T14:28:40.761471,2026-06-06T14:28:40.761471
d90cafce-436a-4034-9932-ec1a87a52982,1902,JOSEPH DROUHIN CHABLIS 750 ML,JOSEPH DROUHIN CHABLIS,,,,,750,branco,ativo,0.04,1,2,1,C,150,0,0,,,,,2026-06-06T14:28:40.761471,2026-06-06T14:28:40.761471
e729aa72-b3bd-4762-aa52-30d8caebd0b9,6294,LE MARCHESINE FRANCIACORTA BRUT DOCG 750 ML,LE MARCHESINE FRANCIACORTA BRUT DOCG,,,,,750,espumante,ativo,0.04,1,2,1,C,150,0,0,,,,,2026-06-06T14:28:40.761471,2026-06-06T14:28:40.761471
095c1fae-911d-492e-b4bc-95b09eeaca59,1042,LUIGI COPPO MOSCATO D`ASTI MONCALVINA - 750 ML,LUIGI COPPO MOSCATO D`ASTI MONCALVINA -,,,,,750,sobremesa,ativo,0.04,1,2,1,C,150,0,0,,,,,2026-06-06T14:28:40.761471,2026-06-06T14:28:40.761471
bf1c903b-cc2f-4e12-a2eb-b7817601e327,1821,LUIS PATO VINHAS VELHAS BRANCO 750 ML - N/C,LUIS PATO VINHAS VELHAS BRANCO,,,,,750,branco,ativo,0.04,1,2,1,C,150,0,0,,,,,2026-06-06T14:28:40.761471,2026-06-06T14:28:40.761471
c7fd7b57-684a-4016-ad66-a9739661720d,15833,MASI CAMPOFIORIN ROSSO VERONA IGT - 750 ML,MASI CAMPOFIORIN ROSSO VERONA IGT -,,,,,750,rose,ativo,0.04,1,2,1,C,150,0,0,,,,,2026-06-06T14:28:40.761471,2026-06-06T14:28:40.761471
24047e79-a7c7-49b3-8975-e0f134616701,879,MIOLO LOTE 43 - 750 ML - N/C,MIOLO LOTE 43 -,,,,,750,tinto,ativo,0.04,1,2,1,C,150,0,0,,,,,2026-06-06T14:28:40.761471,2026-06-06T14:28:40.761471
f758234d-19ae-4184-95a0-1dd79e9fe368,2124,MOET & CHANDON IMPERIAL BRUT 750 ML,MOET & CHANDON IMPERIAL BRUT,,,,,750,espumante,ativo,0.04,1,2,1,C,150,0,0,,,,,2026-06-06T14:28:40.761471,2026-06-06T14:28:40.761471
9b9ce15d-b61a-4bec-937b-ce3530729349,2943,MOET & CHANDON IMPERIAL ROSE 750 ML,MOET & CHANDON IMPERIAL ROSE,,,,,750,espumante,ativo,0.04,1,2,1,C,150,0,0,,,,,2026-06-06T14:28:40.761471,2026-06-06T14:28:40.761471
8e796f1f-ac7e-4b17-a4f9-fae30ada7aca,1072,MORELLINO DI SCANSANO - 750 ML - N/C,MORELLINO DI SCANSANO -,,,,,750,tinto,ativo,0.04,1,2,1,C,150,0,0,,,,,2026-06-06T14:28:40.761471,2026-06-06T14:28:40.761471
35e6a6b8-1537-4d41-a791-803d84cddf1c,15887,PERA GRAVE RESERVA - 750 ML,PERA GRAVE RESERVA -,,,,,750,tinto,ativo,0.04,1,2,1,C,150,0,0,,,,,2026-06-06T14:28:40.761471,2026-06-06T14:28:40.761471
9b0060c4-ea4c-4d3a-90ba-2f50df576b90,15393,ROSSO DI MONTALCINO DOC - SIRO PACENTI - 750 ML,ROSSO DI MONTALCINO DOC - SIRO PACENTI -,,,,,750,rose,ativo,0.04,1,2,1,C,150,0,0,,,,,2026-06-06T14:28:40.761471,2026-06-06T14:28:40.761471
b20d926c-1d91-45e1-b1e6-e39bf051edda,15395,SCHIOPETTO PINOT GRIGIO COLLIO - 750 ML - N/C,SCHIOPETTO PINOT GRIGIO COLLIO -,,,,,750,branco,ativo,0.04,1,2,1,C,150,0,0,,,,,2026-06-06T14:28:40.761471,2026-06-06T14:28:40.761471
d2e579b2-eb41-4aa1-9ee1-ce8b86ed3fbe,1107,SOALHEIRO ALVARINHO 750 ML,SOALHEIRO ALVARINHO,,,,,750,branco,ativo,0.04,1,2,1,C,150,0,0,,,,,2026-06-06T14:28:40.761471,2026-06-06T14:28:40.761471
15c6e44f-d285-4a04-9b44-217f16a4103e,15686,TELMO RODRIGUEZ - BASA RUEDA 750 ML - N/C,TELMO RODRIGUEZ - BASA RUEDA,,,,,750,tinto,ativo,0.04,1,2,1,C,150,0,0,,,,,2026-06-06T14:28:40.761471,2026-06-06T14:28:40.761471
bb4883a9-c795-48ef-9242-b2c4a687d280,3052,TENUTA DONNAFUGATA ANTHILIA IGT - 750 ML,TENUTA DONNAFUGATA ANTHILIA IGT -,,,,,750,tinto,ativo,0.04,1,2,1,C,150,0,0,,,,,2026-06-06T14:28:40.761471,2026-06-06T14:28:40.761471
a7c96daa-1ffb-4147-b580-6b7e365a1922,14738,VINA EDEN CHARDONNAY - 750 ML,VINA EDEN CHARDONNAY -,,,,,750,branco,ativo,0.04,1,2,1,C,150,0,0,,,,,2026-06-06T14:28:40.761471,2026-06-06T14:28:40.761471
ce952042-97d4-4dbc-9651-0999032ef11a,2491,ZENATO RIPASSA VALPOLICELLA SUPERIORE - 750 ML,ZENATO RIPASSA VALPOLICELLA SUPERIORE -,,,,,750,tinto,ativo,0.04,1,2,1,C,150,0,0,,,,,2026-06-06T14:28:40.761471,2026-06-06T14:28:40.761471
6c6c8bf9-a77b-4545-a38f-c724c8a1189b,17369,ZUCCARDI SERIE A CHARDONNAY/VIOGNIER 750 ML,ZUCCARDI SERIE A CHARDONNAY/VIOGNIER,,,,,750,branco,ativo,0.04,1,2,1,C,150,0,0,,,,,2026-06-06T14:28:40.761471,2026-06-06T14:28:40.761471
f7c506db-a7c8-40d0-941c-41dc645db276,2949,CATENA ZAPATA CATENA MALBEC - MAGNUM 1.500 LT,CATENA ZAPATA CATENA MALBEC - MAGNUM00 LT,,,,,1500,tinto,ativo,0.033,1,2,1,C,150,0,0,,,,,2026-06-06T14:28:40.761471,2026-06-06T14:28:40.761471
e5e808b2-c88e-4abf-9a6c-b6b95a914ff9,2131,CHATEAU LE PUY - 750 ML,CHATEAU LE PUY -,,,,,750,tinto,ativo,0.027,1,2,1,C,150,0,0,,,,,2026-06-06T14:28:40.761471,2026-06-06T14:28:40.761471
7f0b04b6-e8a5-466d-9ee3-59485d28184a,15508,COBOS BRAMARE MALBEC - 750ML,COBOS BRAMARE MALBEC -,,,,,750,tinto,ativo,0.027,1,2,1,C,150,0,0,,,,,2026-06-06T14:28:40.761471,2026-06-06T14:28:40.761471
bed58fa3-6ae7-49b4-b300-e501ba503e04,15464,ESPORAO RESERVA - 750 ML - N/C,ESPORAO RESERVA -,,,,,750,tinto,ativo,0.027,1,2,1,C,150,0,0,,,,,2026-06-06T14:28:40.761471,2026-06-06T14:28:40.761471
5829d22b-62c3-42cc-bd22-b596c4230c58,15354,PORTO GRAHAM'S TAWNY RESERVE - 4.5 LTS,PORTO GRAHAM'S TAWNY RESERVE - 4.5 LTS,,,,,750,sobremesa,ativo,0.027,1,2,1,C,150,0,0,,,,,2026-06-06T14:28:40.761471,2026-06-06T14:28:40.761471
3149da0b-f9dc-4efe-85b3-afd34a634489,816,ST.THOMAS LES EMIRS - 750ML (LIBANO),ST.THOMAS LES EMIRS -(LIBANO),,,,,750,tinto,ativo,0.02,1,2,1,C,150,0,0,,,,,2026-06-06T14:28:40.761471,2026-06-06T14:28:40.761471
3117062a-5b95-4b17-afcc-009fb4dd96d4,962,PORTO GRAHAM`S 20 YEARS OLD TAWN 750 ML,PORTO GRAHAM`S 20 YEARS OLD TAWN,,,,,750,sobremesa,ativo,0.013,1,2,1,C,150,0,0,,,,,2026-06-06T14:28:40.761471,2026-06-06T14:28:40.761471
229a4d59-3054-4bc1-b2b9-f468a34aa063,8836,VEGA SICILIA VALBUENA 5 - 2018- 750 ML,VEGA SICILIA VALBUENA 5 - 2018-,,,,,750,tinto,ativo,0.013,1,2,1,C,150,0,0,,,,,2026-06-06T14:28:40.761471,2026-06-06T14:28:40.761471
f8259d2d-2ab8-4a59-b6ee-aeb8e25f5422,15506,BRANCAIA CHIANTI CLASSICO - 750 ML,BRANCAIA CHIANTI CLASSICO -,,,,,750,tinto,ativo,0.007,1,2,1,C,150,0,0,,,,,2026-06-06T14:28:40.761471,2026-06-06T14:28:40.761471
45d3c762-aa2f-4a61-882b-25de6e199380,17368,EL ENEMIGO CABERNET FRANC - 750 ML,EL ENEMIGO CABERNET FRANC -,,,,,750,tinto,ativo,0.007,1,2,1,C,150,0,0,,,,,2026-06-06T14:28:40.761471,2026-06-06T14:28:40.761471
1a41251f-c4a8-438d-9562-5a014872ab6d,18621,LALLIER - CHAMPAGNE BRUT 750 ML - TESTE N/C,LALLIER - CHAMPAGNE BRUT- TESTE N/C,,,,,750,espumante,ativo,0.007,1,2,1,C,150,0,0,,,,,2026-06-06T14:28:40.761471,2026-06-06T14:28:40.761471
b17e1a67-d92f-43d3-a1d6-aeea75f54fea,18622,ROSE LALLIER - CHAMPAGNE 750 ML,ROSE LALLIER - CHAMPAGNE,,,,,750,espumante,ativo,0.007,1,2,1,C,150,0,0,,,,,2026-06-06T14:28:40.761471,2026-06-06T14:28:40.761471
0085b994-9a6e-4f7f-884f-262f6f86a0eb,1084,TENUTA SAN GUIDO SASSICAIA 2020 - 750 ML,TENUTA SAN GUIDO SASSICAIA 2020 -,,,,,750,tinto,ativo,0.007,1,2,1,C,150,0,0,,,,,2026-06-06T14:28:40.761471,2026-06-06T14:28:40.761471
