id,wine_id,ano,mes,quantidade,lt_unitario,fonte,import_id,correcao_de,importado_em,importado_por
d748f4a8-a704-466c-9a97-49e0ca7b06c5,91f1dc2f-1dfa-4fb3-82b1-e27a8ce2bf0e,2026,1,47,0.75,erp_import,235bc524-964d-4df9-be42-95bf6e6cf2a0,,2026-06-06T14:28:40.761471,
5e6ed0ad-6256-4d78-b56d-b0857249f6ce,91f1dc2f-1dfa-4fb3-82b1-e27a8ce2bf0e,2026,2,31,0.75,erp_import,235bc524-964d-4df9-be42-95bf6e6cf2a0,,2026-06-06T14:28:40.761471,
8ea1de18-78a7-47cf-ae9a-17d1a7add8fa,91f1dc2f-1dfa-4fb3-82b1-e27a8ce2bf0e,2026,3,54,0.75,erp_import,235bc524-964d-4df9-be42-95bf6e6cf2a0,,2026-06-06T14:28:40.761471,
da75fcf7-aae6-4834-b1b8-3d56c5d8c6ef,91f1dc2f-1dfa-4fb3-82b1-e27a8ce2bf0e,2026,4,43,0.75,erp_import,235bc524-964d-4df9-be42-95bf6e6cf2a0,,2026-06-06T14:28:40.761471,
6a05800c-4fee-49cc-a252-991529001cc6,91f1dc2f-1dfa-4fb3-82b1-e27a8ce2bf0e,2026,5,63,0.75,erp_import,235bc524-964d-4df9-be42-95bf6e6cf2a0,,2026-06-06T14:28:40.761471,
2f144438-bf69-4730-808c-e52bbc8ea1bd,594a9adc-6f1b-4318-89bb-ee686dbdb05e,2026,1,68,0.75,erp_import,235bc524-964d-4df9-be42-95bf6e6cf2a0,,2026-06-06T14:28:40.761471,
5fd8e624-1eb5-4a26-b623-83f1ef2be8cd,594a9adc-6f1b-4318-89bb-ee686dbdb05e,2026,2,68,0.75,erp_import,235bc524-964d-4df9-be42-95bf6e6cf2a0,,2026-06-06T14:28:40.761471,
185f83e6-7074-4322-8e01-646a782ac06f,594a9adc-6f1b-4318-89bb-ee686dbdb05e,2026,3,111,0.75,erp_import,235bc524-964d-4df9-be42-95bf6e6cf2a0,,2026-06-06T14:28:40.761471,
76b1a94b-d841-4465-9f70-9a008bc95c36,594a9adc-6f1b-4318-89bb-ee686dbdb05e,2026,4,97,0.75,erp_import,235bc524-964d-4df9-be42-95bf6e6cf2a0,,2026-06-06T14:28:40.761471,
13880fb2-b6de-4a17-acd6-64ff2ab3a3ff,594a9adc-6f1b-4318-89bb-ee686dbdb05e,2026,5,95,0.75,erp_import,235bc524-964d-4df9-be42-95bf6e6cf2a0,,2026-06-06T14:28:40.761471,
0b12d97a-c4a4-4751-a6a8-d52cf32201e5,eae19f34-63ec-45da-95e1-31686e81c64c,2026,1,45,0.75,erp_import,235bc524-964d-4df9-be42-95bf6e6cf2a0,,2026-06-06T14:28:40.761471,
a90be8b4-261d-4763-98de-8316c1b7967b,eae19f34-63ec-45da-95e1-31686e81c64c,2026,2,36,0.75,erp_import,235bc524-964d-4df9-be42-95bf6e6cf2a0,,2026-06-06T14:28:40.761471,
e3602b13-d60c-4b73-a8d6-fde1a38a340a,eae19f34-63ec-45da-95e1-31686e81c64c,2026,3,39,0.75,erp_import,235bc524-964d-4df9-be42-95bf6e6cf2a0,,2026-06-06T14:28:40.761471,
81797c77-1918-441a-b0c8-2bf9e0d159d0,eae19f34-63ec-45da-95e1-31686e81c64c,2026,4,51,0.75,erp_import,235bc524-964d-4df9-be42-95bf6e6cf2a0,,2026-06-06T14:28:40.761471,
f8b704c1-1060-4721-a697-b58eeb58c400,eae19f34-63ec-45da-95e1-31686e81c64c,2026,5,41,0.75,erp_import,235bc524-964d-4df9-be42-95bf6e6cf2a0,,2026-06-06T14:28:40.761471,
620e7066-e3e3-4d9c-bbcf-e9ac9ce9e301,22a69176-7b96-477d-b456-8e2287c04356,2026,1,63,0.375,erp_import,235bc524-964d-4df9-be42-95bf6e6cf2a0,,2026-06-06T14:28:40.761471,
59ed11b6-a557-454d-9b10-b76d51dabd9e,22a69176-7b96-477d-b456-8e2287c04356,2026,2,48,0.375,erp_import,235bc524-964d-4df9-be42-95bf6e6cf2a0,,2026-06-06T14:28:40.761471,
42171036-906d-44c7-a404-1779fb632739,22a69176-7b96-477d-b456-8e2287c04356,2026,3,92,0.375,erp_import,235bc524-964d-4df9-be42-95bf6e6cf2a0,,2026-06-06T14:28:40.761471,
b90a2b72-f435-40c3-976e-9c528239e379,22a69176-7b96-477d-b456-8e2287c04356,2026,4,17,0.375,erp_import,235bc524-964d-4df9-be42-95bf6e6cf2a0,,2026-06-06T14:28:40.761471,
4b240691-7ec7-42aa-a034-1c56d9b72d9b,22a69176-7b96-477d-b456-8e2287c04356,2026,5,127,0.375,erp_import,235bc524-964d-4df9-be42-95bf6e6cf2a0,,2026-06-06T14:28:40.761471,
7a0eff68-119c-4f79-81bd-79dce86dca2f,9f3f9758-f25e-4984-8c4b-9275581c450b,2026,1,44,0.375,erp_import,235bc524-964d-4df9-be42-95bf6e6cf2a0,,2026-06-06T14:28:40.761471,
2ebe9aec-a4e0-4c86-b279-89514a828bef,9f3f9758-f25e-4984-8c4b-9275581c450b,2026,2,80,0.375,erp_import,235bc524-964d-4df9-be42-95bf6e6cf2a0,,2026-06-06T14:28:40.761471,
f5b8f0d1-9bab-44c4-ba1a-0519a7392c22,9f3f9758-f25e-4984-8c4b-9275581c450b,2026,3,40,0.375,erp_import,235bc524-964d-4df9-be42-95bf6e6cf2a0,,2026-06-06T14:28:40.761471,
490e2a73-7f50-4df8-984a-2ce524db1a7d,9f3f9758-f25e-4984-8c4b-9275581c450b,2026,4,116,0.375,erp_import,235bc524-964d-4df9-be42-95bf6e6cf2a0,,2026-06-06T14:28:40.761471,
03d8512e-2c57-4183-9a9d-8397e3d197a1,9f3f9758-f25e-4984-8c4b-9275581c450b,2026,5,94,0.375,erp_import,235bc524-964d-4df9-be42-95bf6e6cf2a0,,2026-06-06T14:28:40.761471,
0ce29a8c-60cb-42fc-9aa1-7d48aa174e89,626502f6-fb00-4cd1-859d-6474f10d106c,2026,1,30,0.75,erp_import,235bc524-964d-4df9-be42-95bf6e6cf2a0,,2026-06-06T14:28:40.761471,
cb3ede1f-82f9-4be3-92ac-4932666a2fa5,626502f6-fb00-4cd1-859d-6474f10d106c,2026,2,16,0.75,erp_import,235bc524-964d-4df9-be42-95bf6e6cf2a0,,2026-06-06T14:28:40.761471,
05b3bd0a-2fdb-49df-8c6b-39afa74dcc5c,626502f6-fb00-4cd1-859d-6474f10d106c,2026,3,34,0.75,erp_import,235bc524-964d-4df9-be42-95bf6e6cf2a0,,2026-06-06T14:28:40.761471,
fba62528-81d7-42c7-a41f-27fc49f157a4,626502f6-fb00-4cd1-859d-6474f10d106c,2026,4,33,0.75,erp_import,235bc524-964d-4df9-be42-95bf6e6cf2a0,,2026-06-06T14:28:40.761471,
237ae697-ed65-4cf8-8cb8-115bb99b3e43,626502f6-fb00-4cd1-859d-6474f10d106c,2026,5,37,0.75,erp_import,235bc524-964d-4df9-be42-95bf6e6cf2a0,,2026-06-06T14:28:40.761471,
6189925f-ed76-4100-9207-dafe643b076f,85f57344-67ae-4399-8882-9e7e17d4585d,2026,1,32,0.375,erp_import,235bc524-964d-4df9-be42-95bf6e6cf2a0,,2026-06-06T14:28:40.761471,
b28e7037-fbe8-4c42-8888-f171f96f0578,85f57344-67ae-4399-8882-9e7e17d4585d,2026,2,42,0.375,erp_import,235bc524-964d-4df9-be42-95bf6e6cf2a0,,2026-06-06T14:28:40.761471,
ee0dfc77-ff11-4f00-aa40-4ba98ed97bce,85f57344-67ae-4399-8882-9e7e17d4585d,2026,3,42,0.375,erp_import,235bc524-964d-4df9-be42-95bf6e6cf2a0,,2026-06-06T14:28:40.761471,
501e0489-81f4-413f-944f-93a6d931b0a8,85f57344-67ae-4399-8882-9e7e17d4585d,2026,4,84,0.375,erp_import,235bc524-964d-4df9-be42-95bf6e6cf2a0,,2026-06-06T14:28:40.761471,
0b72e3a9-8a3c-4a46-8dab-874eee8c2484,85f57344-67ae-4399-8882-9e7e17d4585d,2026,5,72,0.375,erp_import,235bc524-964d-4df9-be42-95bf6e6cf2a0,,2026-06-06T14:28:40.761471,
be03fa5b-422b-433d-b149-94f6c6d9f1ca,6e5c3f5f-8e1e-4dbd-baea-73004783b09f,2026,1,30,0.375,erp_import,235bc524-964d-4df9-be42-95bf6e6cf2a0,,2026-06-06T14:28:40.761471,
f3c91630-e85d-4419-a030-67a75581ee29,6e5c3f5f-8e1e-4dbd-baea-73004783b09f,2026,2,16,0.375,erp_import,235bc524-964d-4df9-be42-95bf6e6cf2a0,,2026-06-06T14:28:40.761471,
c64d0c20-f10c-47e8-a75c-483235381700,6e5c3f5f-8e1e-4dbd-baea-73004783b09f,2026,3,34,0.375,erp_import,235bc524-964d-4df9-be42-95bf6e6cf2a0,,2026-06-06T14:28:40.761471,
1344aa1a-0387-458d-9276-9cc500ca431c,6e5c3f5f-8e1e-4dbd-baea-73004783b09f,2026,4,33,0.375,erp_import,235bc524-964d-4df9-be42-95bf6e6cf2a0,,2026-06-06T14:28:40.761471,
8d48fcc3-5103-4740-9513-543964a01517,6e5c3f5f-8e1e-4dbd-baea-73004783b09f,2026,5,37,0.375,erp_import,235bc524-964d-4df9-be42-95bf6e6cf2a0,,2026-06-06T14:28:40.761471,
543f6776-881e-4f94-9f96-80303e77fb30,d7c5691e-10b0-4ddb-91b6-14a8648dca5b,2026,1,22,0.75,erp_import,235bc524-964d-4df9-be42-95bf6e6cf2a0,,2026-06-06T14:28:40.761471,
a93b3377-8aad-4aa8-9405-f9ca8aa0a96b,d7c5691e-10b0-4ddb-91b6-14a8648dca5b,2026,2,30,0.75,erp_import,235bc524-964d-4df9-be42-95bf6e6cf2a0,,2026-06-06T14:28:40.761471,
99d1507f-9eea-4425-841a-8ad78762224c,d7c5691e-10b0-4ddb-91b6-14a8648dca5b,2026,3,56,0.75,erp_import,235bc524-964d-4df9-be42-95bf6e6cf2a0,,2026-06-06T14:28:40.761471,
ffb80ee0-e0c3-4679-9f9e-06da22f0a02f,d7c5691e-10b0-4ddb-91b6-14a8648dca5b,2026,4,28,0.75,erp_import,235bc524-964d-4df9-be42-95bf6e6cf2a0,,2026-06-06T14:28:40.761471,
172acceb-1c02-4747-84e8-28c0b27dd85c,d7c5691e-10b0-4ddb-91b6-14a8648dca5b,2026,5,6,0.75,erp_import,235bc524-964d-4df9-be42-95bf6e6cf2a0,,2026-06-06T14:28:40.761471,
dcd4486f-56e5-4b94-99ee-6a380f519638,a13397c1-44ca-4cc0-a33b-36486b45afc3,2026,1,45,0.375,erp_import,235bc524-964d-4df9-be42-95bf6e6cf2a0,,2026-06-06T14:28:40.761471,
a207c050-2c7b-4023-8590-9dd7ed776fdf,a13397c1-44ca-4cc0-a33b-36486b45afc3,2026,2,41,0.375,erp_import,235bc524-964d-4df9-be42-95bf6e6cf2a0,,2026-06-06T14:28:40.761471,
f0055fd6-145f-41f7-9e27-a61f965168fd,a13397c1-44ca-4cc0-a33b-36486b45afc3,2026,3,20,0.375,erp_import,235bc524-964d-4df9-be42-95bf6e6cf2a0,,2026-06-06T14:28:40.761471,
1aa5974f-9948-4249-91a4-a84349740ebd,a13397c1-44ca-4cc0-a33b-36486b45afc3,2026,4,48,0.375,erp_import,235bc524-964d-4df9-be42-95bf6e6cf2a0,,2026-06-06T14:28:40.761471,
c5b48a99-28b4-49a2-b929-ec203b731989,a13397c1-44ca-4cc0-a33b-36486b45afc3,2026,5,21,0.375,erp_import,235bc524-964d-4df9-be42-95bf6e6cf2a0,,2026-06-06T14:28:40.761471,
e2364689-9dfa-4fc5-981a-751ceac4451e,df1b94b0-c924-4566-a927-785e338889ac,2026,1,26,0.75,erp_import,235bc524-964d-4df9-be42-95bf6e6cf2a0,,2026-06-06T14:28:40.761471,
34f00d53-7248-4486-8e16-b42ccf6760f1,df1b94b0-c924-4566-a927-785e338889ac,2026,2,26,0.75,erp_import,235bc524-964d-4df9-be42-95bf6e6cf2a0,,2026-06-06T14:28:40.761471,
c048b1d4-8cb3-4727-a078-621eb84d5444,df1b94b0-c924-4566-a927-785e338889ac,2026,3,27,0.75,erp_import,235bc524-964d-4df9-be42-95bf6e6cf2a0,,2026-06-06T14:28:40.761471,
0fb96cb2-4396-4885-a5ea-42f4b27a8d59,df1b94b0-c924-4566-a927-785e338889ac,2026,4,39,0.75,erp_import,235bc524-964d-4df9-be42-95bf6e6cf2a0,,2026-06-06T14:28:40.761471,
4b12f248-8fef-4795-8ef3-80a737a99550,df1b94b0-c924-4566-a927-785e338889ac,2026,5,30,0.75,erp_import,235bc524-964d-4df9-be42-95bf6e6cf2a0,,2026-06-06T14:28:40.761471,
26fb8c2d-e0bf-4af5-b34b-f57caa3bc38f,b19c2803-e879-4d9f-b4ec-de74371715af,2026,1,37,0.75,erp_import,235bc524-964d-4df9-be42-95bf6e6cf2a0,,2026-06-06T14:28:40.761471,
489d41e3-6d95-4b14-a760-fc4000cd2177,b19c2803-e879-4d9f-b4ec-de74371715af,2026,2,22,0.75,erp_import,235bc524-964d-4df9-be42-95bf6e6cf2a0,,2026-06-06T14:28:40.761471,
427613b9-5ad3-48e6-8ea2-a5ad41e52e74,b19c2803-e879-4d9f-b4ec-de74371715af,2026,3,10,0.75,erp_import,235bc524-964d-4df9-be42-95bf6e6cf2a0,,2026-06-06T14:28:40.761471,
ad3dbb04-8620-4dfe-b96f-3ff13e415fc9,b19c2803-e879-4d9f-b4ec-de74371715af,2026,4,23,0.75,erp_import,235bc524-964d-4df9-be42-95bf6e6cf2a0,,2026-06-06T14:28:40.761471,
cd4d40e5-4104-4a16-aa96-2535f538bf0e,b19c2803-e879-4d9f-b4ec-de74371715af,2026,5,37,0.75,erp_import,235bc524-964d-4df9-be42-95bf6e6cf2a0,,2026-06-06T14:28:40.761471,
7a874fe4-5a87-4d6e-971b-3cb88938bd80,72c7fb80-1dfa-490a-8ad7-423bd25cda5a,2026,1,7,0.75,erp_import,235bc524-964d-4df9-be42-95bf6e6cf2a0,,2026-06-06T14:28:40.761471,
a4e16d25-6a69-4c0c-a20f-3be2d2a5f142,72c7fb80-1dfa-490a-8ad7-423bd25cda5a,2026,2,6,0.75,erp_import,235bc524-964d-4df9-be42-95bf6e6cf2a0,,2026-06-06T14:28:40.761471,
a4596033-dfcf-462b-b178-06db74d3e701,72c7fb80-1dfa-490a-8ad7-423bd25cda5a,2026,3,18,0.75,erp_import,235bc524-964d-4df9-be42-95bf6e6cf2a0,,2026-06-06T14:28:40.761471,
f975bdcd-2562-43ea-929b-5835e00f0669,72c7fb80-1dfa-490a-8ad7-423bd25cda5a,2026,4,14,0.75,erp_import,235bc524-964d-4df9-be42-95bf6e6cf2a0,,2026-06-06T14:28:40.761471,
97b909f8-828c-4445-bd1b-01376638c3da,72c7fb80-1dfa-490a-8ad7-423bd25cda5a,2026,5,18,0.75,erp_import,235bc524-964d-4df9-be42-95bf6e6cf2a0,,2026-06-06T14:28:40.761471,
fd8176cb-1682-4928-b74c-c6bffb5fe59f,5f88d48d-6608-4bf2-a3fa-d434b7ee82ea,2026,1,6,0.75,erp_import,235bc524-964d-4df9-be42-95bf6e6cf2a0,,2026-06-06T14:28:40.761471,
96e29be2-6d9d-4d61-9226-c395aae52623,5f88d48d-6608-4bf2-a3fa-d434b7ee82ea,2026,2,17,0.75,erp_import,235bc524-964d-4df9-be42-95bf6e6cf2a0,,2026-06-06T14:28:40.761471,
ee985325-537f-499c-a5be-2553c4dd5dc1,5f88d48d-6608-4bf2-a3fa-d434b7ee82ea,2026,3,10,0.75,erp_import,235bc524-964d-4df9-be42-95bf6e6cf2a0,,2026-06-06T14:28:40.761471,
988266e4-d1ea-40a4-8289-4143745cfaef,5f88d48d-6608-4bf2-a3fa-d434b7ee82ea,2026,4,1,0.75,erp_import,235bc524-964d-4df9-be42-95bf6e6cf2a0,,2026-06-06T14:28:40.761471,
c41abe90-c2e1-4537-9cf6-2ff0c789dae1,5f88d48d-6608-4bf2-a3fa-d434b7ee82ea,2026,5,5,0.75,erp_import,235bc524-964d-4df9-be42-95bf6e6cf2a0,,2026-06-06T14:28:40.761471,
b14d39de-46f9-4062-8b8b-21a12335c995,67fa170b-ceac-47ab-9ce0-9f948a5dde73,2026,1,1,0.75,erp_import,235bc524-964d-4df9-be42-95bf6e6cf2a0,,2026-06-06T14:28:40.761471,
4fdb4a1b-34ac-40a3-a743-c1792ea9cf4a,67fa170b-ceac-47ab-9ce0-9f948a5dde73,2026,3,9,0.75,erp_import,235bc524-964d-4df9-be42-95bf6e6cf2a0,,2026-06-06T14:28:40.761471,
13c4b5a3-a493-4fe1-8948-1703f70dd774,67fa170b-ceac-47ab-9ce0-9f948a5dde73,2026,4,7,0.75,erp_import,235bc524-964d-4df9-be42-95bf6e6cf2a0,,2026-06-06T14:28:40.761471,
b7b1a1ca-83b5-4ae7-82fb-1051d7a511d9,67fa170b-ceac-47ab-9ce0-9f948a5dde73,2026,5,6,0.75,erp_import,235bc524-964d-4df9-be42-95bf6e6cf2a0,,2026-06-06T14:28:40.761471,
c982ac2b-73f2-49c6-a299-6fdf30282a78,0393f8cd-b9e9-4a13-9b2c-65aa6787e7de,2026,1,27,0.375,erp_import,235bc524-964d-4df9-be42-95bf6e6cf2a0,,2026-06-06T14:28:40.761471,
8ffc897e-583d-41c7-973e-b3ad9f68af67,0393f8cd-b9e9-4a13-9b2c-65aa6787e7de,2026,2,41,0.375,erp_import,235bc524-964d-4df9-be42-95bf6e6cf2a0,,2026-06-06T14:28:40.761471,
c33e16bf-19ac-4eb4-a9f6-a22a3510ca16,0393f8cd-b9e9-4a13-9b2c-65aa6787e7de,2026,3,37,0.375,erp_import,235bc524-964d-4df9-be42-95bf6e6cf2a0,,2026-06-06T14:28:40.761471,
d274d114-a90f-46f8-914f-d25e9c389298,0393f8cd-b9e9-4a13-9b2c-65aa6787e7de,2026,4,37,0.375,erp_import,235bc524-964d-4df9-be42-95bf6e6cf2a0,,2026-06-06T14:28:40.761471,
ca68ba14-1c1b-4eeb-8367-7fe930acc885,0393f8cd-b9e9-4a13-9b2c-65aa6787e7de,2026,5,23,0.375,erp_import,235bc524-964d-4df9-be42-95bf6e6cf2a0,,2026-06-06T14:28:40.761471,
ec5c37f4-c918-46ee-a6f5-f7461aaed48b,22bed4e6-6430-4c6b-a4a3-588ab6caf964,2026,1,8,0.75,erp_import,235bc524-964d-4df9-be42-95bf6e6cf2a0,,2026-06-06T14:28:40.761471,
651b3965-d1c2-4062-8eaf-6930fd903923,22bed4e6-6430-4c6b-a4a3-588ab6caf964,2026,2,48,0.75,erp_import,235bc524-964d-4df9-be42-95bf6e6cf2a0,,2026-06-06T14:28:40.761471,
367a3891-39aa-4fdb-a9e2-44759e84b104,22bed4e6-6430-4c6b-a4a3-588ab6caf964,2026,3,111,0.75,erp_import,235bc524-964d-4df9-be42-95bf6e6cf2a0,,2026-06-06T14:28:40.761471,
3bde1027-9485-4bdf-9df3-f2613020aa77,22bed4e6-6430-4c6b-a4a3-588ab6caf964,2026,4,34,0.75,erp_import,235bc524-964d-4df9-be42-95bf6e6cf2a0,,2026-06-06T14:28:40.761471,
627ff933-1ce8-4668-b8ae-c14c1458ba3d,22bed4e6-6430-4c6b-a4a3-588ab6caf964,2026,5,12,0.75,erp_import,235bc524-964d-4df9-be42-95bf6e6cf2a0,,2026-06-06T14:28:40.761471,
ce2f5a58-a880-4724-a894-53e9bbc62303,e13bf8a3-027c-431b-b983-32f9da72f131,2026,1,18,0.375,erp_import,235bc524-964d-4df9-be42-95bf6e6cf2a0,,2026-06-06T14:28:40.761471,
5d1229fb-187d-4c86-bd68-8a9e187c406b,e13bf8a3-027c-431b-b983-32f9da72f131,2026,2,20,0.375,erp_import,235bc524-964d-4df9-be42-95bf6e6cf2a0,,2026-06-06T14:28:40.761471,
00e7f017-498f-4d5a-b58f-05648f6def90,e13bf8a3-027c-431b-b983-32f9da72f131,2026,3,22,0.375,erp_import,235bc524-964d-4df9-be42-95bf6e6cf2a0,,2026-06-06T14:28:40.761471,
3efca1c0-c2b7-439c-9e42-0c911be1e05b,e13bf8a3-027c-431b-b983-32f9da72f131,2026,4,16,0.375,erp_import,235bc524-964d-4df9-be42-95bf6e6cf2a0,,2026-06-06T14:28:40.761471,
f2d410d0-817c-4e5d-ae1f-ec82d3912e29,e13bf8a3-027c-431b-b983-32f9da72f131,2026,5,21,0.375,erp_import,235bc524-964d-4df9-be42-95bf6e6cf2a0,,2026-06-06T14:28:40.761471,
cc6a2718-aecd-4571-bb94-c8c21d0f6b63,a5408564-3c6a-40bd-a9ae-984d77aa8ade,2026,1,14,0.75,erp_import,235bc524-964d-4df9-be42-95bf6e6cf2a0,,2026-06-06T14:28:40.761471,
60d44cf4-813d-4eca-bda7-6290f846081a,a5408564-3c6a-40bd-a9ae-984d77aa8ade,2026,2,8,0.75,erp_import,235bc524-964d-4df9-be42-95bf6e6cf2a0,,2026-06-06T14:28:40.761471,
0614196b-0ec8-4e75-b261-62a065cb266c,a5408564-3c6a-40bd-a9ae-984d77aa8ade,2026,3,9,0.75,erp_import,235bc524-964d-4df9-be42-95bf6e6cf2a0,,2026-06-06T14:28:40.761471,
fdd1f0f8-00d2-428a-927f-1ca214711736,a5408564-3c6a-40bd-a9ae-984d77aa8ade,2026,4,29,0.75,erp_import,235bc524-964d-4df9-be42-95bf6e6cf2a0,,2026-06-06T14:28:40.761471,
ccaa025c-8455-432a-9b5d-8fd5dfc70a74,a5408564-3c6a-40bd-a9ae-984d77aa8ade,2026,5,28,0.75,erp_import,235bc524-964d-4df9-be42-95bf6e6cf2a0,,2026-06-06T14:28:40.761471,
d8774238-3f07-464f-acaf-97e6e3a34e74,bca1125f-aeb7-4f70-aaf5-c94281125d9c,2026,1,15,0.75,erp_import,235bc524-964d-4df9-be42-95bf6e6cf2a0,,2026-06-06T14:28:40.761471,
d4639418-8fe8-4a8e-96f0-3a922ce629b5,bca1125f-aeb7-4f70-aaf5-c94281125d9c,2026,2,12,0.75,erp_import,235bc524-964d-4df9-be42-95bf6e6cf2a0,,2026-06-06T14:28:40.761471,
153eb216-9e2e-463d-99ea-b92e8d66213f,bca1125f-aeb7-4f70-aaf5-c94281125d9c,2026,3,10,0.75,erp_import,235bc524-964d-4df9-be42-95bf6e6cf2a0,,2026-06-06T14:28:40.761471,
b83d93f0-18a7-4c4e-a9f6-462619df1bf0,bca1125f-aeb7-4f70-aaf5-c94281125d9c,2026,4,16,0.75,erp_import,235bc524-964d-4df9-be42-95bf6e6cf2a0,,2026-06-06T14:28:40.761471,
138ae08b-de17-44c3-8c01-790444a9dd4d,bca1125f-aeb7-4f70-aaf5-c94281125d9c,2026,5,23,0.75,erp_import,235bc524-964d-4df9-be42-95bf6e6cf2a0,,2026-06-06T14:28:40.761471,
ddcb3c55-6f7f-4bbb-b5f3-a2ec3184401c,bf8003b6-82f9-4d19-80ce-a0d9d996d14c,2026,1,2,0.75,erp_import,235bc524-964d-4df9-be42-95bf6e6cf2a0,,2026-06-06T14:28:40.761471,
ad65c380-0ef9-4d39-b9e1-1dd101b1bdc5,bf8003b6-82f9-4d19-80ce-a0d9d996d14c,2026,2,1,0.75,erp_import,235bc524-964d-4df9-be42-95bf6e6cf2a0,,2026-06-06T14:28:40.761471,
14e067e7-176d-42f3-bd15-530193e38669,bf8003b6-82f9-4d19-80ce-a0d9d996d14c,2026,3,1,0.75,erp_import,235bc524-964d-4df9-be42-95bf6e6cf2a0,,2026-06-06T14:28:40.761471,
4e46d39a-3347-43aa-ad54-6c43cab53a04,bf8003b6-82f9-4d19-80ce-a0d9d996d14c,2026,4,2,0.75,erp_import,235bc524-964d-4df9-be42-95bf6e6cf2a0,,2026-06-06T14:28:40.761471,
1a9f8da8-444f-4943-b8e8-996ce454e9c7,bf8003b6-82f9-4d19-80ce-a0d9d996d14c,2026,5,1,0.75,erp_import,235bc524-964d-4df9-be42-95bf6e6cf2a0,,2026-06-06T14:28:40.761471,
20aed03e-e47c-46b9-ae00-2093f3d71a82,08ab091d-450b-4599-8452-61b56c283fc1,2026,1,6,0.75,erp_import,235bc524-964d-4df9-be42-95bf6e6cf2a0,,2026-06-06T14:28:40.761471,
cf3b5f20-53a9-42c6-b293-f58ea09a6145,08ab091d-450b-4599-8452-61b56c283fc1,2026,2,4,0.75,erp_import,235bc524-964d-4df9-be42-95bf6e6cf2a0,,2026-06-06T14:28:40.761471,
c83d52d0-cb7f-4ca9-a986-89a1768edcc8,08ab091d-450b-4599-8452-61b56c283fc1,2026,3,4,0.75,erp_import,235bc524-964d-4df9-be42-95bf6e6cf2a0,,2026-06-06T14:28:40.761471,
3f176f67-05da-49ec-ba3b-ec26dfa44ec7,08ab091d-450b-4599-8452-61b56c283fc1,2026,4,18,0.75,erp_import,235bc524-964d-4df9-be42-95bf6e6cf2a0,,2026-06-06T14:28:40.761471,
564c59f5-73f8-46c7-9d04-92eb67804ea5,08ab091d-450b-4599-8452-61b56c283fc1,2026,5,36,0.75,erp_import,235bc524-964d-4df9-be42-95bf6e6cf2a0,,2026-06-06T14:28:40.761471,
3303f575-6a96-422f-af5b-085ce3f6b59e,1e895d1c-ebb9-4b1f-b429-43ee18d6dd39,2026,1,14,0.75,erp_import,235bc524-964d-4df9-be42-95bf6e6cf2a0,,2026-06-06T14:28:40.761471,
92788298-8ff9-4dc7-b17f-18a6782b161e,1e895d1c-ebb9-4b1f-b429-43ee18d6dd39,2026,2,15,0.75,erp_import,235bc524-964d-4df9-be42-95bf6e6cf2a0,,2026-06-06T14:28:40.761471,
6a5a10e2-556a-467b-8685-5a75109617bd,1e895d1c-ebb9-4b1f-b429-43ee18d6dd39,2026,3,14,0.75,erp_import,235bc524-964d-4df9-be42-95bf6e6cf2a0,,2026-06-06T14:28:40.761471,
e8688813-4c6c-47d5-a440-c2c5829684cc,1e895d1c-ebb9-4b1f-b429-43ee18d6dd39,2026,4,14,0.75,erp_import,235bc524-964d-4df9-be42-95bf6e6cf2a0,,2026-06-06T14:28:40.761471,
a7fbdf86-23e9-4cda-bd1e-572aec4c1be8,1e895d1c-ebb9-4b1f-b429-43ee18d6dd39,2026,5,16,0.75,erp_import,235bc524-964d-4df9-be42-95bf6e6cf2a0,,2026-06-06T14:28:40.761471,
4a014e7f-8ee4-43fa-af37-a8108b952c4b,71871eca-6564-4bd1-8059-0a9793185c00,2026,1,6,0.75,erp_import,235bc524-964d-4df9-be42-95bf6e6cf2a0,,2026-06-06T14:28:40.761471,
71ec4dfe-897d-41e9-a165-934726c8714a,71871eca-6564-4bd1-8059-0a9793185c00,2026,2,14,0.75,erp_import,235bc524-964d-4df9-be42-95bf6e6cf2a0,,2026-06-06T14:28:40.761471,
eea5fe12-e4fc-49ba-83ae-5f17ee78a579,71871eca-6564-4bd1-8059-0a9793185c00,2026,3,2,0.75,erp_import,235bc524-964d-4df9-be42-95bf6e6cf2a0,,2026-06-06T14:28:40.761471,
e5daeff1-d6dd-4c95-b1fb-c9fb95a8af2c,71871eca-6564-4bd1-8059-0a9793185c00,2026,4,13,0.75,erp_import,235bc524-964d-4df9-be42-95bf6e6cf2a0,,2026-06-06T14:28:40.761471,
ddffe676-1707-46dc-88d4-abf9327b40f5,71871eca-6564-4bd1-8059-0a9793185c00,2026,5,12,0.75,erp_import,235bc524-964d-4df9-be42-95bf6e6cf2a0,,2026-06-06T14:28:40.761471,
ae5f4934-543a-4d7f-b798-09d86bb24200,ff3575ed-b0b8-4716-a2d9-324defbb5ae2,2026,1,4,0.75,erp_import,235bc524-964d-4df9-be42-95bf6e6cf2a0,,2026-06-06T14:28:40.761471,
06c6980d-c7f3-4461-aaf2-a579e8faa3f7,ff3575ed-b0b8-4716-a2d9-324defbb5ae2,2026,2,5,0.75,erp_import,235bc524-964d-4df9-be42-95bf6e6cf2a0,,2026-06-06T14:28:40.761471,
2cc790d1-adbf-4857-a8b0-d83c0fb36bc3,ff3575ed-b0b8-4716-a2d9-324defbb5ae2,2026,3,6,0.75,erp_import,235bc524-964d-4df9-be42-95bf6e6cf2a0,,2026-06-06T14:28:40.761471,
a82dad6a-1ea6-4fe0-82da-f2da74b3cf08,ff3575ed-b0b8-4716-a2d9-324defbb5ae2,2026,4,9,0.75,erp_import,235bc524-964d-4df9-be42-95bf6e6cf2a0,,2026-06-06T14:28:40.761471,
dd9781eb-c9c8-4809-91c7-318ac512ae6a,ff3575ed-b0b8-4716-a2d9-324defbb5ae2,2026,5,19,0.75,erp_import,235bc524-964d-4df9-be42-95bf6e6cf2a0,,2026-06-06T14:28:40.761471,
5d177ff9-40f6-4f10-afed-26dac96e498e,cf94a970-70ee-4f5e-93dd-6a331bb06a03,2026,1,4,0.75,erp_import,235bc524-964d-4df9-be42-95bf6e6cf2a0,,2026-06-06T14:28:40.761471,
a391ec9c-7d28-4b64-89b7-d5676fe706ea,cf94a970-70ee-4f5e-93dd-6a331bb06a03,2026,2,2,0.75,erp_import,235bc524-964d-4df9-be42-95bf6e6cf2a0,,2026-06-06T14:28:40.761471,
ab463cd5-4fff-45d3-8557-453c1421d5da,cf94a970-70ee-4f5e-93dd-6a331bb06a03,2026,3,1,0.75,erp_import,235bc524-964d-4df9-be42-95bf6e6cf2a0,,2026-06-06T14:28:40.761471,
351e02fa-7c55-49c9-9ad3-f46e2232154b,cf94a970-70ee-4f5e-93dd-6a331bb06a03,2026,4,6,0.75,erp_import,235bc524-964d-4df9-be42-95bf6e6cf2a0,,2026-06-06T14:28:40.761471,
eb4cf549-7dca-44fd-995f-4a25b98d9556,cf94a970-70ee-4f5e-93dd-6a331bb06a03,2026,5,1,0.75,erp_import,235bc524-964d-4df9-be42-95bf6e6cf2a0,,2026-06-06T14:28:40.761471,
889d21ca-de6c-4bac-ad57-c7880fdc6f59,62ab2bbc-b11f-4059-88b3-9f633efd10b0,2026,1,6,0.75,erp_import,235bc524-964d-4df9-be42-95bf6e6cf2a0,,2026-06-06T14:28:40.761471,
4f310dfc-39ad-4e2f-bb70-5e7d6eb3df54,62ab2bbc-b11f-4059-88b3-9f633efd10b0,2026,2,3,0.75,erp_import,235bc524-964d-4df9-be42-95bf6e6cf2a0,,2026-06-06T14:28:40.761471,
b77d8558-7c7b-4ae6-a9c7-a92463b1a182,62ab2bbc-b11f-4059-88b3-9f633efd10b0,2026,3,4,0.75,erp_import,235bc524-964d-4df9-be42-95bf6e6cf2a0,,2026-06-06T14:28:40.761471,
6b8cc115-c771-423f-be7f-9152566feda9,62ab2bbc-b11f-4059-88b3-9f633efd10b0,2026,4,1,0.75,erp_import,235bc524-964d-4df9-be42-95bf6e6cf2a0,,2026-06-06T14:28:40.761471,
3eb91332-6843-4a39-ab47-d4545c2ceca3,7caa8733-7dea-4c20-8ba7-72cf43a33422,2026,1,3,0.75,erp_import,235bc524-964d-4df9-be42-95bf6e6cf2a0,,2026-06-06T14:28:40.761471,
9c20a636-68ea-473c-9e4c-0d46caf20ffc,7caa8733-7dea-4c20-8ba7-72cf43a33422,2026,4,4,0.75,erp_import,235bc524-964d-4df9-be42-95bf6e6cf2a0,,2026-06-06T14:28:40.761471,
9d2a9d11-364a-4286-88f6-a183820ac826,7caa8733-7dea-4c20-8ba7-72cf43a33422,2026,5,10,0.75,erp_import,235bc524-964d-4df9-be42-95bf6e6cf2a0,,2026-06-06T14:28:40.761471,
43d0557d-d0c6-4dcb-a791-ba4c82e531b5,5c7d8ae3-ee90-4826-be19-b7017155d0c1,2026,1,10,0.75,erp_import,235bc524-964d-4df9-be42-95bf6e6cf2a0,,2026-06-06T14:28:40.761471,
f723a2fc-dfba-4bdb-8218-ad53a47e0816,5c7d8ae3-ee90-4826-be19-b7017155d0c1,2026,2,10,0.75,erp_import,235bc524-964d-4df9-be42-95bf6e6cf2a0,,2026-06-06T14:28:40.761471,
3e275cf6-bdb7-4cbf-b1af-aa4b5dd8e9e0,5c7d8ae3-ee90-4826-be19-b7017155d0c1,2026,3,13,0.75,erp_import,235bc524-964d-4df9-be42-95bf6e6cf2a0,,2026-06-06T14:28:40.761471,
c2ba6a30-090e-456f-980a-cab7019b7f6d,5c7d8ae3-ee90-4826-be19-b7017155d0c1,2026,4,14,0.75,erp_import,235bc524-964d-4df9-be42-95bf6e6cf2a0,,2026-06-06T14:28:40.761471,
185f3aa1-04d7-487f-b491-cc2a561eccc7,5c7d8ae3-ee90-4826-be19-b7017155d0c1,2026,5,10,0.75,erp_import,235bc524-964d-4df9-be42-95bf6e6cf2a0,,2026-06-06T14:28:40.761471,
78d1257b-7c0d-4905-bfe9-2a3b83c3db64,ae6b22c1-0101-4cb2-a2bc-1ed78fa2a43d,2026,1,45,0.75,erp_import,235bc524-964d-4df9-be42-95bf6e6cf2a0,,2026-06-06T14:28:40.761471,
4aa3405d-ef2b-41cb-aacc-6cceb54e3d63,ae6b22c1-0101-4cb2-a2bc-1ed78fa2a43d,2026,2,18,0.75,erp_import,235bc524-964d-4df9-be42-95bf6e6cf2a0,,2026-06-06T14:28:40.761471,
f7264817-b733-4181-aba5-9c404ff5e74a,ae6b22c1-0101-4cb2-a2bc-1ed78fa2a43d,2026,3,75,0.75,erp_import,235bc524-964d-4df9-be42-95bf6e6cf2a0,,2026-06-06T14:28:40.761471,
d16dde75-f75b-4227-8892-81282adcce61,ae6b22c1-0101-4cb2-a2bc-1ed78fa2a43d,2026,4,23,0.75,erp_import,235bc524-964d-4df9-be42-95bf6e6cf2a0,,2026-06-06T14:28:40.761471,
91b5b19e-76af-4740-90e2-70918905fe38,ae6b22c1-0101-4cb2-a2bc-1ed78fa2a43d,2026,5,28,0.75,erp_import,235bc524-964d-4df9-be42-95bf6e6cf2a0,,2026-06-06T14:28:40.761471,
712ed649-bd2b-48fc-a587-6fd4a3a644c4,280f5b19-167e-4f58-a3dd-a9a647acfea0,2026,1,16,0.75,erp_import,235bc524-964d-4df9-be42-95bf6e6cf2a0,,2026-06-06T14:28:40.761471,
b9c10530-7ec5-4d32-867e-65b2ad50d8e4,280f5b19-167e-4f58-a3dd-a9a647acfea0,2026,2,18,0.75,erp_import,235bc524-964d-4df9-be42-95bf6e6cf2a0,,2026-06-06T14:28:40.761471,
75fbc18c-b24b-4a47-b76c-c607fc2cf247,280f5b19-167e-4f58-a3dd-a9a647acfea0,2026,3,5,0.75,erp_import,235bc524-964d-4df9-be42-95bf6e6cf2a0,,2026-06-06T14:28:40.761471,
3c401e50-3b3e-49cf-8bce-2f4b39a530b3,280f5b19-167e-4f58-a3dd-a9a647acfea0,2026,4,8,0.75,erp_import,235bc524-964d-4df9-be42-95bf6e6cf2a0,,2026-06-06T14:28:40.761471,
3735fae5-bd1d-4cb9-9265-d5cd1f2f900d,280f5b19-167e-4f58-a3dd-a9a647acfea0,2026,5,17,0.75,erp_import,235bc524-964d-4df9-be42-95bf6e6cf2a0,,2026-06-06T14:28:40.761471,
c40c96df-4e89-4537-8c66-26194f3b21b8,abe96d14-5ca8-4821-add9-2921a49f6e72,2026,1,3,0.75,erp_import,235bc524-964d-4df9-be42-95bf6e6cf2a0,,2026-06-06T14:28:40.761471,
53916006-11bc-447f-b030-6446aa186770,abe96d14-5ca8-4821-add9-2921a49f6e72,2026,2,4,0.75,erp_import,235bc524-964d-4df9-be42-95bf6e6cf2a0,,2026-06-06T14:28:40.761471,
33879e69-aa90-4c2d-bab4-167a298fc4f4,abe96d14-5ca8-4821-add9-2921a49f6e72,2026,3,7,0.75,erp_import,235bc524-964d-4df9-be42-95bf6e6cf2a0,,2026-06-06T14:28:40.761471,
6b0a02e8-f82c-4a08-b60f-69cda46a074f,abe96d14-5ca8-4821-add9-2921a49f6e72,2026,4,21,0.75,erp_import,235bc524-964d-4df9-be42-95bf6e6cf2a0,,2026-06-06T14:28:40.761471,
07e46aa9-598d-437a-b4ce-f5771cc6ad2e,abe96d14-5ca8-4821-add9-2921a49f6e72,2026,5,42,0.75,erp_import,235bc524-964d-4df9-be42-95bf6e6cf2a0,,2026-06-06T14:28:40.761471,
c8493bec-b92e-4127-8eed-53d4f3b54f02,3ae712e4-f318-42d9-b607-ffe95a917b6c,2026,1,3,0.75,erp_import,235bc524-964d-4df9-be42-95bf6e6cf2a0,,2026-06-06T14:28:40.761471,
1463c51e-6e25-41e8-b241-47721707cc23,3ae712e4-f318-42d9-b607-ffe95a917b6c,2026,2,12,0.75,erp_import,235bc524-964d-4df9-be42-95bf6e6cf2a0,,2026-06-06T14:28:40.761471,
bba1af5c-8106-4d67-9a4c-be290b02be3f,3ae712e4-f318-42d9-b607-ffe95a917b6c,2026,3,3,0.75,erp_import,235bc524-964d-4df9-be42-95bf6e6cf2a0,,2026-06-06T14:28:40.761471,
cbd166f9-097e-4518-9d11-52b01cf0aeb4,3ae712e4-f318-42d9-b607-ffe95a917b6c,2026,4,6,0.75,erp_import,235bc524-964d-4df9-be42-95bf6e6cf2a0,,2026-06-06T14:28:40.761471,
93a9be28-a6e7-41ad-948f-6d619550beb8,3ae712e4-f318-42d9-b607-ffe95a917b6c,2026,5,2,0.75,erp_import,235bc524-964d-4df9-be42-95bf6e6cf2a0,,2026-06-06T14:28:40.761471,
ba61e560-4c32-4aae-ac2a-ad0371b523b8,d780c19b-cde2-45e2-b81f-333209ed92b3,2026,4,1,0.75,erp_import,235bc524-964d-4df9-be42-95bf6e6cf2a0,,2026-06-06T14:28:40.761471,
166488c9-9867-4009-9ee5-defe7dfe25c7,d780c19b-cde2-45e2-b81f-333209ed92b3,2026,5,4,0.75,erp_import,235bc524-964d-4df9-be42-95bf6e6cf2a0,,2026-06-06T14:28:40.761471,
0e5c0cea-2eef-49c2-8b11-6e21f207ea69,77a5557d-a93e-4dd4-9f2b-00cae4e37edd,2026,1,5,0.375,erp_import,235bc524-964d-4df9-be42-95bf6e6cf2a0,,2026-06-06T14:28:40.761471,
68e41a4d-a10a-4084-a693-79f2cc3a1717,77a5557d-a93e-4dd4-9f2b-00cae4e37edd,2026,3,8,0.375,erp_import,235bc524-964d-4df9-be42-95bf6e6cf2a0,,2026-06-06T14:28:40.761471,
dc8c22e7-1950-4573-96c7-7af82afb59ca,77a5557d-a93e-4dd4-9f2b-00cae4e37edd,2026,4,9,0.375,erp_import,235bc524-964d-4df9-be42-95bf6e6cf2a0,,2026-06-06T14:28:40.761471,
111b88c5-04b2-44c6-b55c-57279606fc3a,77a5557d-a93e-4dd4-9f2b-00cae4e37edd,2026,5,9,0.375,erp_import,235bc524-964d-4df9-be42-95bf6e6cf2a0,,2026-06-06T14:28:40.761471,
c21267d2-e795-448a-8153-bb89a5feadee,d9159a4b-cb52-471b-a7de-bdd7fb7c3af7,2026,1,25,0.75,erp_import,235bc524-964d-4df9-be42-95bf6e6cf2a0,,2026-06-06T14:28:40.761471,
52e1e99e-cd64-4cc0-b039-67043cd2b47b,d9159a4b-cb52-471b-a7de-bdd7fb7c3af7,2026,2,22,0.75,erp_import,235bc524-964d-4df9-be42-95bf6e6cf2a0,,2026-06-06T14:28:40.761471,
c4d2679b-ef25-4784-9bc1-c357001db9f5,d9159a4b-cb52-471b-a7de-bdd7fb7c3af7,2026,3,23,0.75,erp_import,235bc524-964d-4df9-be42-95bf6e6cf2a0,,2026-06-06T14:28:40.761471,
99199075-48c4-4b82-a3a4-57861369084c,d9159a4b-cb52-471b-a7de-bdd7fb7c3af7,2026,4,20,0.75,erp_import,235bc524-964d-4df9-be42-95bf6e6cf2a0,,2026-06-06T14:28:40.761471,
efd4c5d9-feb9-43ee-8f2b-1b846dc27158,d9159a4b-cb52-471b-a7de-bdd7fb7c3af7,2026,5,15,0.75,erp_import,235bc524-964d-4df9-be42-95bf6e6cf2a0,,2026-06-06T14:28:40.761471,
18bd9243-ed1b-4753-8430-4503380e35ab,ac208b6f-5782-463b-9a83-ee6cae9c1eee,2026,1,12,0.75,erp_import,235bc524-964d-4df9-be42-95bf6e6cf2a0,,2026-06-06T14:28:40.761471,
18ab27e0-f543-4ee3-ad98-695fe25c8ad3,ac208b6f-5782-463b-9a83-ee6cae9c1eee,2026,2,13,0.75,erp_import,235bc524-964d-4df9-be42-95bf6e6cf2a0,,2026-06-06T14:28:40.761471,
276e6293-b096-4510-870b-f790f0a82212,ac208b6f-5782-463b-9a83-ee6cae9c1eee,2026,3,3,0.75,erp_import,235bc524-964d-4df9-be42-95bf6e6cf2a0,,2026-06-06T14:28:40.761471,
969cfc24-fd60-4738-9273-6260dbd059f3,ac208b6f-5782-463b-9a83-ee6cae9c1eee,2026,4,4,0.75,erp_import,235bc524-964d-4df9-be42-95bf6e6cf2a0,,2026-06-06T14:28:40.761471,
a0818fa8-84d5-4b59-a6cb-bb6273cac4d3,ac208b6f-5782-463b-9a83-ee6cae9c1eee,2026,5,11,0.75,erp_import,235bc524-964d-4df9-be42-95bf6e6cf2a0,,2026-06-06T14:28:40.761471,
8220d6e2-234a-46e4-8ec6-498eb2fe3a62,e6de99ff-1471-4515-be60-6821be23a450,2026,1,3,0.75,erp_import,235bc524-964d-4df9-be42-95bf6e6cf2a0,,2026-06-06T14:28:40.761471,
eab2e695-bde3-4fa4-b4af-b69ebd87e3f3,e6de99ff-1471-4515-be60-6821be23a450,2026,2,12,0.75,erp_import,235bc524-964d-4df9-be42-95bf6e6cf2a0,,2026-06-06T14:28:40.761471,
af455176-13d6-477e-8ea6-958e4c2ee78a,e6de99ff-1471-4515-be60-6821be23a450,2026,3,3,0.75,erp_import,235bc524-964d-4df9-be42-95bf6e6cf2a0,,2026-06-06T14:28:40.761471,
5b8335e1-52ac-44ac-a0f7-afdb865b52cf,e6de99ff-1471-4515-be60-6821be23a450,2026,4,6,0.75,erp_import,235bc524-964d-4df9-be42-95bf6e6cf2a0,,2026-06-06T14:28:40.761471,
ba8c9bc9-2254-4b30-b202-2657af5ee9b8,e6de99ff-1471-4515-be60-6821be23a450,2026,5,2,0.75,erp_import,235bc524-964d-4df9-be42-95bf6e6cf2a0,,2026-06-06T14:28:40.761471,
c11f78fe-ea9e-44e0-a653-815df12d7b7b,0ea71694-9871-4c2f-b6f0-39f4e595dae5,2026,1,7,0.75,erp_import,235bc524-964d-4df9-be42-95bf6e6cf2a0,,2026-06-06T14:28:40.761471,
d92f4700-dbff-439d-b052-90c1833c536e,0ea71694-9871-4c2f-b6f0-39f4e595dae5,2026,2,6,0.75,erp_import,235bc524-964d-4df9-be42-95bf6e6cf2a0,,2026-06-06T14:28:40.761471,
cc6f302e-3def-4fd6-bd7d-bef596909111,0ea71694-9871-4c2f-b6f0-39f4e595dae5,2026,3,9,0.75,erp_import,235bc524-964d-4df9-be42-95bf6e6cf2a0,,2026-06-06T14:28:40.761471,
500d097e-311e-491e-b2b5-4c45060d587d,0ea71694-9871-4c2f-b6f0-39f4e595dae5,2026,4,14,0.75,erp_import,235bc524-964d-4df9-be42-95bf6e6cf2a0,,2026-06-06T14:28:40.761471,
70d91f02-2210-4f76-bd64-6c70a995cf5b,0ea71694-9871-4c2f-b6f0-39f4e595dae5,2026,5,4,0.75,erp_import,235bc524-964d-4df9-be42-95bf6e6cf2a0,,2026-06-06T14:28:40.761471,
7fda11f4-28ec-476e-8096-95e0115b4099,7b521bf9-6fa0-46b0-9a3e-6c4b3b791690,2026,1,5,0.75,erp_import,235bc524-964d-4df9-be42-95bf6e6cf2a0,,2026-06-06T14:28:40.761471,
e791bcf0-d7ca-4be4-a872-9ed0bacdc171,7b521bf9-6fa0-46b0-9a3e-6c4b3b791690,2026,2,6,0.75,erp_import,235bc524-964d-4df9-be42-95bf6e6cf2a0,,2026-06-06T14:28:40.761471,
0d91884b-83a5-4196-bfd5-876f6651d4a1,7b521bf9-6fa0-46b0-9a3e-6c4b3b791690,2026,3,2,0.75,erp_import,235bc524-964d-4df9-be42-95bf6e6cf2a0,,2026-06-06T14:28:40.761471,
cd29c282-903d-4c96-8b25-f0fd2307f5cd,7b521bf9-6fa0-46b0-9a3e-6c4b3b791690,2026,4,6,0.75,erp_import,235bc524-964d-4df9-be42-95bf6e6cf2a0,,2026-06-06T14:28:40.761471,
bb8044f9-74c5-4bf1-a2d4-4c12371d43f9,7b521bf9-6fa0-46b0-9a3e-6c4b3b791690,2026,5,12,0.75,erp_import,235bc524-964d-4df9-be42-95bf6e6cf2a0,,2026-06-06T14:28:40.761471,
002c3484-a447-4e5f-bb2d-6f32bca910f0,7cf83e87-ed2a-42bf-9564-b4116f526439,2026,1,8,0.75,erp_import,235bc524-964d-4df9-be42-95bf6e6cf2a0,,2026-06-06T14:28:40.761471,
29a88303-500d-44e7-952a-c630459df68d,7cf83e87-ed2a-42bf-9564-b4116f526439,2026,2,5,0.75,erp_import,235bc524-964d-4df9-be42-95bf6e6cf2a0,,2026-06-06T14:28:40.761471,
ffe4cf8e-9454-4f20-9771-070d59de0e2e,7cf83e87-ed2a-42bf-9564-b4116f526439,2026,3,4,0.75,erp_import,235bc524-964d-4df9-be42-95bf6e6cf2a0,,2026-06-06T14:28:40.761471,
da4e0bcf-d757-4976-bf29-3d780d0083ba,7cf83e87-ed2a-42bf-9564-b4116f526439,2026,4,9,0.75,erp_import,235bc524-964d-4df9-be42-95bf6e6cf2a0,,2026-06-06T14:28:40.761471,
daacb85e-6a06-4505-a169-1512b76c1465,7cf83e87-ed2a-42bf-9564-b4116f526439,2026,5,10,0.75,erp_import,235bc524-964d-4df9-be42-95bf6e6cf2a0,,2026-06-06T14:28:40.761471,
0e70e73c-5b27-46fb-a589-887aebe6dffa,678d1a69-13e4-497b-a591-6affbcd55f94,2026,5,1,0.75,erp_import,235bc524-964d-4df9-be42-95bf6e6cf2a0,,2026-06-06T14:28:40.761471,
85183a1a-0f17-4dc9-8e0c-607b6ea1f8e5,4a4635d6-3a06-4c4c-b3c6-83c5e0e348c4,2026,1,22,0.75,erp_import,235bc524-964d-4df9-be42-95bf6e6cf2a0,,2026-06-06T14:28:40.761471,
6db158b3-7bc2-483a-90fe-4903877fdf96,4a4635d6-3a06-4c4c-b3c6-83c5e0e348c4,2026,2,19,0.75,erp_import,235bc524-964d-4df9-be42-95bf6e6cf2a0,,2026-06-06T14:28:40.761471,
c3b0c2d5-625d-4a52-81a3-62cc3c7ca4a9,4a4635d6-3a06-4c4c-b3c6-83c5e0e348c4,2026,3,70,0.75,erp_import,235bc524-964d-4df9-be42-95bf6e6cf2a0,,2026-06-06T14:28:40.761471,
068c72d3-05d7-4e5d-b0c5-2118a6070e70,4a4635d6-3a06-4c4c-b3c6-83c5e0e348c4,2026,4,15,0.75,erp_import,235bc524-964d-4df9-be42-95bf6e6cf2a0,,2026-06-06T14:28:40.761471,
305c1b47-f889-4a37-b661-65d2f636e529,4a4635d6-3a06-4c4c-b3c6-83c5e0e348c4,2026,5,11,0.75,erp_import,235bc524-964d-4df9-be42-95bf6e6cf2a0,,2026-06-06T14:28:40.761471,
65b02a55-1e99-4b87-85d4-378370edbb43,307e4a88-b1db-4705-83a9-0c812c35db41,2026,1,2,0.75,erp_import,235bc524-964d-4df9-be42-95bf6e6cf2a0,,2026-06-06T14:28:40.761471,
c6c5ac01-6186-4ef8-a094-f08c6b1c0dfd,307e4a88-b1db-4705-83a9-0c812c35db41,2026,2,1,0.75,erp_import,235bc524-964d-4df9-be42-95bf6e6cf2a0,,2026-06-06T14:28:40.761471,
19896a3e-7b26-45d3-a96e-81bd92d1d64d,307e4a88-b1db-4705-83a9-0c812c35db41,2026,3,3,0.75,erp_import,235bc524-964d-4df9-be42-95bf6e6cf2a0,,2026-06-06T14:28:40.761471,
b20f218a-32ab-40e0-935d-41b54eabdb44,307e4a88-b1db-4705-83a9-0c812c35db41,2026,4,5,0.75,erp_import,235bc524-964d-4df9-be42-95bf6e6cf2a0,,2026-06-06T14:28:40.761471,
81c50cae-16e9-4d79-9dea-a6624c0c7b96,307e4a88-b1db-4705-83a9-0c812c35db41,2026,5,16,0.75,erp_import,235bc524-964d-4df9-be42-95bf6e6cf2a0,,2026-06-06T14:28:40.761471,
ab9160cc-bc11-4e09-a1fa-6e6f040c43c6,faae1537-0eff-4cfe-940c-4eb84f4b0d13,2026,1,2,0.75,erp_import,235bc524-964d-4df9-be42-95bf6e6cf2a0,,2026-06-06T14:28:40.761471,
9a8e6799-b740-41e8-9c0d-63782aafc36e,faae1537-0eff-4cfe-940c-4eb84f4b0d13,2026,2,4,0.75,erp_import,235bc524-964d-4df9-be42-95bf6e6cf2a0,,2026-06-06T14:28:40.761471,
bfdf5e00-70bb-493a-8560-4c1fc02bb12d,faae1537-0eff-4cfe-940c-4eb84f4b0d13,2026,3,3,0.75,erp_import,235bc524-964d-4df9-be42-95bf6e6cf2a0,,2026-06-06T14:28:40.761471,
2d414f34-b7c3-4263-bd72-b9b97baacdeb,faae1537-0eff-4cfe-940c-4eb84f4b0d13,2026,4,5,0.75,erp_import,235bc524-964d-4df9-be42-95bf6e6cf2a0,,2026-06-06T14:28:40.761471,
55f45750-9acd-4c7d-8fcc-f9892dd59be2,faae1537-0eff-4cfe-940c-4eb84f4b0d13,2026,5,6,0.75,erp_import,235bc524-964d-4df9-be42-95bf6e6cf2a0,,2026-06-06T14:28:40.761471,
c4812c13-9c3e-435a-b9df-4fa040726510,306dd04d-3eb3-417c-a472-2e5ca0fa3447,2026,1,6,0.75,erp_import,235bc524-964d-4df9-be42-95bf6e6cf2a0,,2026-06-06T14:28:40.761471,
cda261d7-642d-41d0-adef-00c75b3af4d4,306dd04d-3eb3-417c-a472-2e5ca0fa3447,2026,2,6,0.75,erp_import,235bc524-964d-4df9-be42-95bf6e6cf2a0,,2026-06-06T14:28:40.761471,
e1a7958e-4cba-4636-b600-16e50f3375de,306dd04d-3eb3-417c-a472-2e5ca0fa3447,2026,3,1,0.75,erp_import,235bc524-964d-4df9-be42-95bf6e6cf2a0,,2026-06-06T14:28:40.761471,
cc3b8cfc-e0fe-4286-9408-57ae98553583,306dd04d-3eb3-417c-a472-2e5ca0fa3447,2026,4,12,0.75,erp_import,235bc524-964d-4df9-be42-95bf6e6cf2a0,,2026-06-06T14:28:40.761471,
5826009e-9791-4ff1-badd-b9c287ec3fb1,306dd04d-3eb3-417c-a472-2e5ca0fa3447,2026,5,10,0.75,erp_import,235bc524-964d-4df9-be42-95bf6e6cf2a0,,2026-06-06T14:28:40.761471,
0551cfac-8ed9-4401-9aaf-e11583618705,14a9c3ff-0712-4305-b8ce-2aadd37d3eb2,2026,1,1,0.75,erp_import,235bc524-964d-4df9-be42-95bf6e6cf2a0,,2026-06-06T14:28:40.761471,
411a052f-6f23-42d5-96fd-622c812967df,14a9c3ff-0712-4305-b8ce-2aadd37d3eb2,2026,2,6,0.75,erp_import,235bc524-964d-4df9-be42-95bf6e6cf2a0,,2026-06-06T14:28:40.761471,
c9623f63-508b-4d14-b11e-60690e9009b3,14a9c3ff-0712-4305-b8ce-2aadd37d3eb2,2026,3,2,0.75,erp_import,235bc524-964d-4df9-be42-95bf6e6cf2a0,,2026-06-06T14:28:40.761471,
0bb99b83-7a09-49bd-b99f-51c981d1060c,14a9c3ff-0712-4305-b8ce-2aadd37d3eb2,2026,4,1,0.75,erp_import,235bc524-964d-4df9-be42-95bf6e6cf2a0,,2026-06-06T14:28:40.761471,
43a394e7-2cbe-456e-bddb-3fcb444662d2,0d2aea6e-2b03-4c67-9653-6700a1fbca9a,2026,2,5,0.75,erp_import,235bc524-964d-4df9-be42-95bf6e6cf2a0,,2026-06-06T14:28:40.761471,
9ca6338e-710b-4bc4-9d9b-ba7fcc300710,0d2aea6e-2b03-4c67-9653-6700a1fbca9a,2026,3,2,0.75,erp_import,235bc524-964d-4df9-be42-95bf6e6cf2a0,,2026-06-06T14:28:40.761471,
81ed3ce7-f433-4403-b954-7e290c90f3d0,0d2aea6e-2b03-4c67-9653-6700a1fbca9a,2026,4,2,0.75,erp_import,235bc524-964d-4df9-be42-95bf6e6cf2a0,,2026-06-06T14:28:40.761471,
9aa20488-b6b4-4b53-9856-deb5efcde50e,0d2aea6e-2b03-4c67-9653-6700a1fbca9a,2026,5,1,0.75,erp_import,235bc524-964d-4df9-be42-95bf6e6cf2a0,,2026-06-06T14:28:40.761471,
2274ae9d-c5aa-4677-9d0b-342a234af406,158ca328-8c60-4a36-9daa-4c7538100b98,2026,1,3,0.75,erp_import,235bc524-964d-4df9-be42-95bf6e6cf2a0,,2026-06-06T14:28:40.761471,
6c74b23d-9251-4d70-8c68-d00b5a2369ed,158ca328-8c60-4a36-9daa-4c7538100b98,2026,2,3,0.75,erp_import,235bc524-964d-4df9-be42-95bf6e6cf2a0,,2026-06-06T14:28:40.761471,
a69338c7-627f-47f5-b239-d4f38093d8b1,158ca328-8c60-4a36-9daa-4c7538100b98,2026,3,9,0.75,erp_import,235bc524-964d-4df9-be42-95bf6e6cf2a0,,2026-06-06T14:28:40.761471,
0930f318-0072-4ea3-8242-04e693d64505,158ca328-8c60-4a36-9daa-4c7538100b98,2026,4,6,0.75,erp_import,235bc524-964d-4df9-be42-95bf6e6cf2a0,,2026-06-06T14:28:40.761471,
7fbd72d8-45bc-4ee9-924f-ffe4f2e3ac96,158ca328-8c60-4a36-9daa-4c7538100b98,2026,5,8,0.75,erp_import,235bc524-964d-4df9-be42-95bf6e6cf2a0,,2026-06-06T14:28:40.761471,
c8baec38-e6b8-4ece-843a-28c9cdfbad26,9731c88d-385f-4021-b189-be977b50816e,2026,1,1,0.75,erp_import,235bc524-964d-4df9-be42-95bf6e6cf2a0,,2026-06-06T14:28:40.761471,
43fd936c-02cd-4b7c-9141-839063ddd321,9731c88d-385f-4021-b189-be977b50816e,2026,4,2,0.75,erp_import,235bc524-964d-4df9-be42-95bf6e6cf2a0,,2026-06-06T14:28:40.761471,
0be538bf-ab96-4555-b797-a6832fa8515c,9731c88d-385f-4021-b189-be977b50816e,2026,5,3,0.75,erp_import,235bc524-964d-4df9-be42-95bf6e6cf2a0,,2026-06-06T14:28:40.761471,
28bb1200-5949-42ee-988b-6e035111785f,6e9ca3ed-3c84-4654-8642-3bfdcf5d4329,2026,1,1,0.75,erp_import,235bc524-964d-4df9-be42-95bf6e6cf2a0,,2026-06-06T14:28:40.761471,
c8618cca-201c-48e2-b7c5-8415c2084f80,6e9ca3ed-3c84-4654-8642-3bfdcf5d4329,2026,2,2,0.75,erp_import,235bc524-964d-4df9-be42-95bf6e6cf2a0,,2026-06-06T14:28:40.761471,
a634d692-1fed-4830-ac5e-2839a7e409a3,6e9ca3ed-3c84-4654-8642-3bfdcf5d4329,2026,3,5,0.75,erp_import,235bc524-964d-4df9-be42-95bf6e6cf2a0,,2026-06-06T14:28:40.761471,
42b05dbe-d993-4e3d-adf0-1e4e160f1bf8,6e9ca3ed-3c84-4654-8642-3bfdcf5d4329,2026,4,2,0.75,erp_import,235bc524-964d-4df9-be42-95bf6e6cf2a0,,2026-06-06T14:28:40.761471,
1e7bd226-4332-45a2-b1c8-48762e819f44,6e9ca3ed-3c84-4654-8642-3bfdcf5d4329,2026,5,8,0.75,erp_import,235bc524-964d-4df9-be42-95bf6e6cf2a0,,2026-06-06T14:28:40.761471,
ff4d6c3c-d303-425e-8094-70b19ebffc45,8091817b-740a-4185-a47b-ab29fa876abf,2026,1,8,0.75,erp_import,235bc524-964d-4df9-be42-95bf6e6cf2a0,,2026-06-06T14:28:40.761471,
ef7ba58e-d3da-43a1-b5c2-d1c4ceecb478,8091817b-740a-4185-a47b-ab29fa876abf,2026,2,25,0.75,erp_import,235bc524-964d-4df9-be42-95bf6e6cf2a0,,2026-06-06T14:28:40.761471,
8dd47269-631d-44b0-9d75-dd1b688a30c8,8091817b-740a-4185-a47b-ab29fa876abf,2026,3,16,0.75,erp_import,235bc524-964d-4df9-be42-95bf6e6cf2a0,,2026-06-06T14:28:40.761471,
8a36762f-98c9-447b-bb7a-4a8f197dbef9,8091817b-740a-4185-a47b-ab29fa876abf,2026,4,21,0.75,erp_import,235bc524-964d-4df9-be42-95bf6e6cf2a0,,2026-06-06T14:28:40.761471,
41665dde-b9b3-4d2d-9c17-95d36584e93b,8091817b-740a-4185-a47b-ab29fa876abf,2026,5,6,0.75,erp_import,235bc524-964d-4df9-be42-95bf6e6cf2a0,,2026-06-06T14:28:40.761471,
d0b9af2c-86e5-473c-87b0-774a93f356db,4cdad5a4-4643-4e06-aa54-db9b3bcb6a7f,2026,1,5,0.75,erp_import,235bc524-964d-4df9-be42-95bf6e6cf2a0,,2026-06-06T14:28:40.761471,
40d54d36-e7ce-48a1-be06-209afd96891a,4cdad5a4-4643-4e06-aa54-db9b3bcb6a7f,2026,2,13,0.75,erp_import,235bc524-964d-4df9-be42-95bf6e6cf2a0,,2026-06-06T14:28:40.761471,
460671b0-c382-483e-ae86-337f96a88120,4cdad5a4-4643-4e06-aa54-db9b3bcb6a7f,2026,3,3,0.75,erp_import,235bc524-964d-4df9-be42-95bf6e6cf2a0,,2026-06-06T14:28:40.761471,
e3d7dcd6-838f-4b84-9e07-65fdad292cdc,4cdad5a4-4643-4e06-aa54-db9b3bcb6a7f,2026,4,9,0.75,erp_import,235bc524-964d-4df9-be42-95bf6e6cf2a0,,2026-06-06T14:28:40.761471,
b9e045cd-3e4a-43ba-92ac-962ccb620400,4cdad5a4-4643-4e06-aa54-db9b3bcb6a7f,2026,5,6,0.75,erp_import,235bc524-964d-4df9-be42-95bf6e6cf2a0,,2026-06-06T14:28:40.761471,
a46e0853-eed5-4cbc-873b-9cea3eed70c1,47c29ed3-0b8f-4c1d-81d8-4cdebbd24f29,2026,1,15,0.75,erp_import,235bc524-964d-4df9-be42-95bf6e6cf2a0,,2026-06-06T14:28:40.761471,
1e5ce08d-6b19-440f-8574-4348521e905b,47c29ed3-0b8f-4c1d-81d8-4cdebbd24f29,2026,2,12,0.75,erp_import,235bc524-964d-4df9-be42-95bf6e6cf2a0,,2026-06-06T14:28:40.761471,
cedebfd6-814b-4523-ad13-4c7de269c087,47c29ed3-0b8f-4c1d-81d8-4cdebbd24f29,2026,3,10,0.75,erp_import,235bc524-964d-4df9-be42-95bf6e6cf2a0,,2026-06-06T14:28:40.761471,
a28041f6-bce4-4765-b31b-0b9452aeb684,47c29ed3-0b8f-4c1d-81d8-4cdebbd24f29,2026,4,16,0.75,erp_import,235bc524-964d-4df9-be42-95bf6e6cf2a0,,2026-06-06T14:28:40.761471,
cb0e5a9b-42b7-4f2c-9ea8-9fa0eb5b6047,47c29ed3-0b8f-4c1d-81d8-4cdebbd24f29,2026,5,23,0.75,erp_import,235bc524-964d-4df9-be42-95bf6e6cf2a0,,2026-06-06T14:28:40.761471,
860052fd-5a75-499f-969e-51daf305e3a1,ae49e1e0-ffa4-4898-adac-fd24592deee9,2026,1,2,0.75,erp_import,235bc524-964d-4df9-be42-95bf6e6cf2a0,,2026-06-06T14:28:40.761471,
62f3363b-9939-475f-bf2d-56be7a0079db,ae49e1e0-ffa4-4898-adac-fd24592deee9,2026,2,2,0.75,erp_import,235bc524-964d-4df9-be42-95bf6e6cf2a0,,2026-06-06T14:28:40.761471,
e3a21043-3c09-4865-9542-22bfa84333ea,ae49e1e0-ffa4-4898-adac-fd24592deee9,2026,3,1,0.75,erp_import,235bc524-964d-4df9-be42-95bf6e6cf2a0,,2026-06-06T14:28:40.761471,
298c93d5-7bcb-4f39-8712-ddc568969424,ae49e1e0-ffa4-4898-adac-fd24592deee9,2026,4,8,0.75,erp_import,235bc524-964d-4df9-be42-95bf6e6cf2a0,,2026-06-06T14:28:40.761471,
0c37f796-53d2-4965-9824-4f160f1013cb,ae49e1e0-ffa4-4898-adac-fd24592deee9,2026,5,5,0.75,erp_import,235bc524-964d-4df9-be42-95bf6e6cf2a0,,2026-06-06T14:28:40.761471,
28f21a78-ce5a-48d9-b7ea-a0c343bb0d5f,53b8e409-1b64-40de-aef4-04edad4bf647,2026,1,5,0.75,erp_import,235bc524-964d-4df9-be42-95bf6e6cf2a0,,2026-06-06T14:28:40.761471,
8dee56e3-2e03-4d62-b7f9-41bf699f78b0,53b8e409-1b64-40de-aef4-04edad4bf647,2026,2,3,0.75,erp_import,235bc524-964d-4df9-be42-95bf6e6cf2a0,,2026-06-06T14:28:40.761471,
9e43f8e3-bec4-48ef-8cad-2cee713fef93,53b8e409-1b64-40de-aef4-04edad4bf647,2026,3,5,0.75,erp_import,235bc524-964d-4df9-be42-95bf6e6cf2a0,,2026-06-06T14:28:40.761471,
c2d64869-5250-447c-aab9-d3259c368202,53b8e409-1b64-40de-aef4-04edad4bf647,2026,4,6,0.75,erp_import,235bc524-964d-4df9-be42-95bf6e6cf2a0,,2026-06-06T14:28:40.761471,
f6982c4a-2ee6-48d6-908c-40a03f630d2d,53b8e409-1b64-40de-aef4-04edad4bf647,2026,5,8,0.75,erp_import,235bc524-964d-4df9-be42-95bf6e6cf2a0,,2026-06-06T14:28:40.761471,
0e4a69c3-fbc6-4560-93cf-0e7a1c33b82c,7ecf2ad4-9e97-4ea5-a0a4-f3304a7a8e92,2026,1,3,0.75,erp_import,235bc524-964d-4df9-be42-95bf6e6cf2a0,,2026-06-06T14:28:40.761471,
6f0880b9-3a75-4f21-9a02-f806c45358b5,7ecf2ad4-9e97-4ea5-a0a4-f3304a7a8e92,2026,2,4,0.75,erp_import,235bc524-964d-4df9-be42-95bf6e6cf2a0,,2026-06-06T14:28:40.761471,
f1c84521-ccbe-4e2a-87bc-bf497ea2dc23,7ecf2ad4-9e97-4ea5-a0a4-f3304a7a8e92,2026,3,6,0.75,erp_import,235bc524-964d-4df9-be42-95bf6e6cf2a0,,2026-06-06T14:28:40.761471,
9912a7cc-038c-430e-babf-7488ff4623c3,7ecf2ad4-9e97-4ea5-a0a4-f3304a7a8e92,2026,4,8,0.75,erp_import,235bc524-964d-4df9-be42-95bf6e6cf2a0,,2026-06-06T14:28:40.761471,
ba67cc48-90f4-43d4-bd1f-f6f402cf2dde,7ecf2ad4-9e97-4ea5-a0a4-f3304a7a8e92,2026,5,13,0.75,erp_import,235bc524-964d-4df9-be42-95bf6e6cf2a0,,2026-06-06T14:28:40.761471,
f39c4712-f32e-4600-bc69-98f17b38937d,f5f672a2-f3b9-48d3-8cd6-5b58410d2a1b,2026,1,4,0.75,erp_import,235bc524-964d-4df9-be42-95bf6e6cf2a0,,2026-06-06T14:28:40.761471,
ece41981-54fb-48b3-8cca-8793e49cc327,f5f672a2-f3b9-48d3-8cd6-5b58410d2a1b,2026,2,1,0.75,erp_import,235bc524-964d-4df9-be42-95bf6e6cf2a0,,2026-06-06T14:28:40.761471,
8d69ac13-b74f-459a-b49d-df6c235c284a,f5f672a2-f3b9-48d3-8cd6-5b58410d2a1b,2026,3,6,0.75,erp_import,235bc524-964d-4df9-be42-95bf6e6cf2a0,,2026-06-06T14:28:40.761471,
9e529785-c340-4963-a34a-d1584d98e1b9,f5f672a2-f3b9-48d3-8cd6-5b58410d2a1b,2026,4,15,0.75,erp_import,235bc524-964d-4df9-be42-95bf6e6cf2a0,,2026-06-06T14:28:40.761471,
67d4c6db-320f-461f-9dee-22f0b6517bc8,f5f672a2-f3b9-48d3-8cd6-5b58410d2a1b,2026,5,12,0.75,erp_import,235bc524-964d-4df9-be42-95bf6e6cf2a0,,2026-06-06T14:28:40.761471,
d171c00f-5e24-421b-9751-7d789585f0d5,87b7eae9-cdef-4c22-93a8-6cfd2d1fa93a,2026,1,9,0.75,erp_import,235bc524-964d-4df9-be42-95bf6e6cf2a0,,2026-06-06T14:28:40.761471,
84338618-3b0e-4438-88b9-c79346bdbad3,87b7eae9-cdef-4c22-93a8-6cfd2d1fa93a,2026,2,7,0.75,erp_import,235bc524-964d-4df9-be42-95bf6e6cf2a0,,2026-06-06T14:28:40.761471,
c7a9d76c-093d-4ff6-96f9-8faf9d3294af,87b7eae9-cdef-4c22-93a8-6cfd2d1fa93a,2026,3,3,0.75,erp_import,235bc524-964d-4df9-be42-95bf6e6cf2a0,,2026-06-06T14:28:40.761471,
4d6d8143-d760-4743-8daf-7691a3e4bf78,87b7eae9-cdef-4c22-93a8-6cfd2d1fa93a,2026,4,2,0.75,erp_import,235bc524-964d-4df9-be42-95bf6e6cf2a0,,2026-06-06T14:28:40.761471,
c91f9872-d74b-48b8-bd62-3826c69b2141,87b7eae9-cdef-4c22-93a8-6cfd2d1fa93a,2026,5,2,0.75,erp_import,235bc524-964d-4df9-be42-95bf6e6cf2a0,,2026-06-06T14:28:40.761471,
6f2fe2a4-bd85-4666-9319-807703eaf132,3c4dd918-b60e-4a5b-b882-da94913dc7b1,2026,1,4,0.75,erp_import,235bc524-964d-4df9-be42-95bf6e6cf2a0,,2026-06-06T14:28:40.761471,
0e65d8a9-d187-4604-bcd7-8ea7823c598f,3c4dd918-b60e-4a5b-b882-da94913dc7b1,2026,2,5,0.75,erp_import,235bc524-964d-4df9-be42-95bf6e6cf2a0,,2026-06-06T14:28:40.761471,
be7613c3-5fdb-4fcf-b7ab-f79a389ef1ea,3c4dd918-b60e-4a5b-b882-da94913dc7b1,2026,3,6,0.75,erp_import,235bc524-964d-4df9-be42-95bf6e6cf2a0,,2026-06-06T14:28:40.761471,
f64c7391-f4b2-4c90-9906-d9eb1a675ae8,3c4dd918-b60e-4a5b-b882-da94913dc7b1,2026,4,1,0.75,erp_import,235bc524-964d-4df9-be42-95bf6e6cf2a0,,2026-06-06T14:28:40.761471,
ed0117b3-3a07-4a64-b7f0-a6e11de484ac,ae0394db-50b8-4348-8e99-f605ac4d4086,2026,2,3,0.75,erp_import,235bc524-964d-4df9-be42-95bf6e6cf2a0,,2026-06-06T14:28:40.761471,
2e28bd0e-f1af-44db-b6ed-36c50d769c8b,ae0394db-50b8-4348-8e99-f605ac4d4086,2026,3,5,0.75,erp_import,235bc524-964d-4df9-be42-95bf6e6cf2a0,,2026-06-06T14:28:40.761471,
c1c35db2-8973-4bec-94de-5c2e6b2541f2,ae0394db-50b8-4348-8e99-f605ac4d4086,2026,4,4,0.75,erp_import,235bc524-964d-4df9-be42-95bf6e6cf2a0,,2026-06-06T14:28:40.761471,
64445d87-3ba1-4d11-9025-cf5d3c34b052,ae0394db-50b8-4348-8e99-f605ac4d4086,2026,5,7,0.75,erp_import,235bc524-964d-4df9-be42-95bf6e6cf2a0,,2026-06-06T14:28:40.761471,
3fc61530-44eb-49a4-a350-813625c2ce24,9c5c8e13-bc97-4048-8b90-69111d155d45,2026,1,4,0.75,erp_import,235bc524-964d-4df9-be42-95bf6e6cf2a0,,2026-06-06T14:28:40.761471,
321e92f6-480a-4447-a6f0-a46008865ffe,9c5c8e13-bc97-4048-8b90-69111d155d45,2026,2,4,0.75,erp_import,235bc524-964d-4df9-be42-95bf6e6cf2a0,,2026-06-06T14:28:40.761471,
061a1496-ea04-43da-bbbe-12f675184a6c,9c5c8e13-bc97-4048-8b90-69111d155d45,2026,3,4,0.75,erp_import,235bc524-964d-4df9-be42-95bf6e6cf2a0,,2026-06-06T14:28:40.761471,
1a21ecfd-9de1-4ba3-86b5-d683472782b8,9c5c8e13-bc97-4048-8b90-69111d155d45,2026,4,8,0.75,erp_import,235bc524-964d-4df9-be42-95bf6e6cf2a0,,2026-06-06T14:28:40.761471,
1c689c55-4df7-45b5-98a8-8d0f995f2f09,9c5c8e13-bc97-4048-8b90-69111d155d45,2026,5,6,0.75,erp_import,235bc524-964d-4df9-be42-95bf6e6cf2a0,,2026-06-06T14:28:40.761471,
fa3e58cf-456d-43bd-b477-bc5585f4bd2a,793d3f9f-9217-40de-842a-acf2ba6e2de0,2026,1,1,0.75,erp_import,235bc524-964d-4df9-be42-95bf6e6cf2a0,,2026-06-06T14:28:40.761471,
18d80697-124b-402e-b86b-b6efffc1c5e7,793d3f9f-9217-40de-842a-acf2ba6e2de0,2026,3,2,0.75,erp_import,235bc524-964d-4df9-be42-95bf6e6cf2a0,,2026-06-06T14:28:40.761471,
98fb0be9-6c18-4097-9884-f734d6f45e94,793d3f9f-9217-40de-842a-acf2ba6e2de0,2026,4,11,0.75,erp_import,235bc524-964d-4df9-be42-95bf6e6cf2a0,,2026-06-06T14:28:40.761471,
5e2ea2c9-affe-42ad-a549-dd4d72b27663,793d3f9f-9217-40de-842a-acf2ba6e2de0,2026,5,5,0.75,erp_import,235bc524-964d-4df9-be42-95bf6e6cf2a0,,2026-06-06T14:28:40.761471,
4ffa58fc-6a6a-459d-b048-2408a4d84628,4501741a-7455-4c10-9b48-049453084dfb,2026,1,8,0.75,erp_import,235bc524-964d-4df9-be42-95bf6e6cf2a0,,2026-06-06T14:28:40.761471,
e13914da-39a8-4e4d-9ca0-9a7a70580173,4501741a-7455-4c10-9b48-049453084dfb,2026,2,3,0.75,erp_import,235bc524-964d-4df9-be42-95bf6e6cf2a0,,2026-06-06T14:28:40.761471,
ef3892d2-9842-4790-8c41-c7c18e455c99,4501741a-7455-4c10-9b48-049453084dfb,2026,3,2,0.75,erp_import,235bc524-964d-4df9-be42-95bf6e6cf2a0,,2026-06-06T14:28:40.761471,
c15520ad-ea2d-4d03-b7ce-e68bc39502b6,4501741a-7455-4c10-9b48-049453084dfb,2026,4,3,0.75,erp_import,235bc524-964d-4df9-be42-95bf6e6cf2a0,,2026-06-06T14:28:40.761471,
071e40c6-73a2-4332-87c7-a0b9a9e0a059,4501741a-7455-4c10-9b48-049453084dfb,2026,5,12,0.75,erp_import,235bc524-964d-4df9-be42-95bf6e6cf2a0,,2026-06-06T14:28:40.761471,
366797e6-bc9a-4e10-b5ad-d4ec76c7bfe0,ad07da9a-405b-4b27-b19d-8aec480644e8,2026,1,6,0.75,erp_import,235bc524-964d-4df9-be42-95bf6e6cf2a0,,2026-06-06T14:28:40.761471,
e537c18b-6efa-47b4-be8f-16d6e96a435e,ad07da9a-405b-4b27-b19d-8aec480644e8,2026,2,3,0.75,erp_import,235bc524-964d-4df9-be42-95bf6e6cf2a0,,2026-06-06T14:28:40.761471,
e35252fb-f68f-4ebf-96d2-354e75f124cb,ad07da9a-405b-4b27-b19d-8aec480644e8,2026,3,6,0.75,erp_import,235bc524-964d-4df9-be42-95bf6e6cf2a0,,2026-06-06T14:28:40.761471,
74a73524-b090-4c07-a895-4281da4d8396,ad07da9a-405b-4b27-b19d-8aec480644e8,2026,4,2,0.75,erp_import,235bc524-964d-4df9-be42-95bf6e6cf2a0,,2026-06-06T14:28:40.761471,
9531a0c5-1d80-4193-93ec-acf7bdf9a9d2,ad07da9a-405b-4b27-b19d-8aec480644e8,2026,5,19,0.75,erp_import,235bc524-964d-4df9-be42-95bf6e6cf2a0,,2026-06-06T14:28:40.761471,
75ff346b-6d77-4ac9-ac74-80c7101b96c1,f55ea219-510a-42de-aa32-ff1df03bc609,2026,1,1,0.75,erp_import,235bc524-964d-4df9-be42-95bf6e6cf2a0,,2026-06-06T14:28:40.761471,
480a19ab-44fc-41af-b921-95d04e1c30a7,f55ea219-510a-42de-aa32-ff1df03bc609,2026,2,3,0.75,erp_import,235bc524-964d-4df9-be42-95bf6e6cf2a0,,2026-06-06T14:28:40.761471,
de15d8f8-409f-4f1d-9f6e-1413d4a9009a,f55ea219-510a-42de-aa32-ff1df03bc609,2026,3,1,0.75,erp_import,235bc524-964d-4df9-be42-95bf6e6cf2a0,,2026-06-06T14:28:40.761471,
79f2fbc7-45fd-460d-a674-8c7aa4ac6e06,f55ea219-510a-42de-aa32-ff1df03bc609,2026,4,2,0.75,erp_import,235bc524-964d-4df9-be42-95bf6e6cf2a0,,2026-06-06T14:28:40.761471,
d9bc75bd-36b0-42a8-b3ed-ab15d98cffd1,f55ea219-510a-42de-aa32-ff1df03bc609,2026,5,14,0.75,erp_import,235bc524-964d-4df9-be42-95bf6e6cf2a0,,2026-06-06T14:28:40.761471,
eb0f5253-7058-44f3-9aac-9f21a29a8e11,34918adc-4944-45af-9f81-d31ad6524439,2026,2,3,0.75,erp_import,235bc524-964d-4df9-be42-95bf6e6cf2a0,,2026-06-06T14:28:40.761471,
c9240036-7ae3-4cb9-9436-61d6275d0c2c,34918adc-4944-45af-9f81-d31ad6524439,2026,3,10,0.75,erp_import,235bc524-964d-4df9-be42-95bf6e6cf2a0,,2026-06-06T14:28:40.761471,
7953b04e-bf95-4a7e-9c36-c5f00ce9863e,a72b8e23-3fd2-4d28-ac09-a744e6c87b5a,2026,1,1,0.75,erp_import,235bc524-964d-4df9-be42-95bf6e6cf2a0,,2026-06-06T14:28:40.761471,
c62f92c8-1c29-483c-904d-0bf45110d6a2,a72b8e23-3fd2-4d28-ac09-a744e6c87b5a,2026,2,7,0.75,erp_import,235bc524-964d-4df9-be42-95bf6e6cf2a0,,2026-06-06T14:28:40.761471,
9d030df5-0033-41a4-91e3-6531118a3096,a72b8e23-3fd2-4d28-ac09-a744e6c87b5a,2026,3,14,0.75,erp_import,235bc524-964d-4df9-be42-95bf6e6cf2a0,,2026-06-06T14:28:40.761471,
891ff22a-2f82-450b-ac6e-ef9cb6ebb238,a72b8e23-3fd2-4d28-ac09-a744e6c87b5a,2026,4,1,0.75,erp_import,235bc524-964d-4df9-be42-95bf6e6cf2a0,,2026-06-06T14:28:40.761471,
a76a3be4-d01b-49db-b6e2-e26da0c45565,a72b8e23-3fd2-4d28-ac09-a744e6c87b5a,2026,5,3,0.75,erp_import,235bc524-964d-4df9-be42-95bf6e6cf2a0,,2026-06-06T14:28:40.761471,
7b8dd181-1f3b-436f-b8c7-399cbed0c5c2,03b481fc-afbf-4384-b461-d7c59f98b4b8,2026,3,4,0.75,erp_import,235bc524-964d-4df9-be42-95bf6e6cf2a0,,2026-06-06T14:28:40.761471,
807e1a58-0508-4dcc-a12a-4904addfc324,03b481fc-afbf-4384-b461-d7c59f98b4b8,2026,4,2,0.75,erp_import,235bc524-964d-4df9-be42-95bf6e6cf2a0,,2026-06-06T14:28:40.761471,
ddac0694-e897-47cb-bd5c-86551543e9c0,68aafeb2-8e52-481c-ae45-eaadf158d534,2026,3,4,0.75,erp_import,235bc524-964d-4df9-be42-95bf6e6cf2a0,,2026-06-06T14:28:40.761471,
97701a09-45ab-4842-b163-9ccd881be370,68aafeb2-8e52-481c-ae45-eaadf158d534,2026,4,2,0.75,erp_import,235bc524-964d-4df9-be42-95bf6e6cf2a0,,2026-06-06T14:28:40.761471,
54fbfee6-34f5-4a71-9b5e-97d98bb58e96,1896bc6f-2251-4244-894f-f97a2012fd53,2026,3,4,0.75,erp_import,235bc524-964d-4df9-be42-95bf6e6cf2a0,,2026-06-06T14:28:40.761471,
a944430a-8220-48f4-a2e5-22bc750761d5,1896bc6f-2251-4244-894f-f97a2012fd53,2026,4,2,0.75,erp_import,235bc524-964d-4df9-be42-95bf6e6cf2a0,,2026-06-06T14:28:40.761471,
ac0e15c8-8697-4a63-be3b-839f474d8840,dcd62a62-f44c-44c4-97df-d7235f24d6fc,2026,2,3,0.75,erp_import,235bc524-964d-4df9-be42-95bf6e6cf2a0,,2026-06-06T14:28:40.761471,
775a6ed8-a11e-4f4e-a8c8-58925ae6a812,dcd62a62-f44c-44c4-97df-d7235f24d6fc,2026,3,1,0.75,erp_import,235bc524-964d-4df9-be42-95bf6e6cf2a0,,2026-06-06T14:28:40.761471,
b360a5d6-45e5-4463-873c-553de522ec69,dcd62a62-f44c-44c4-97df-d7235f24d6fc,2026,4,1,0.75,erp_import,235bc524-964d-4df9-be42-95bf6e6cf2a0,,2026-06-06T14:28:40.761471,
c8ccd2b1-d3ba-4fd6-807a-b7d9a6fabf67,dcd62a62-f44c-44c4-97df-d7235f24d6fc,2026,5,5,0.75,erp_import,235bc524-964d-4df9-be42-95bf6e6cf2a0,,2026-06-06T14:28:40.761471,
6950902e-7a21-4788-9ad5-3bd726bc1f3f,bbc0db11-ba6f-4a4d-be76-e39fd5d0e93c,2026,5,9,0.75,erp_import,235bc524-964d-4df9-be42-95bf6e6cf2a0,,2026-06-06T14:28:40.761471,
5758cca0-4708-4e46-ae65-aff0dff1d655,f654977f-2616-4b4d-81ca-97b294367cfd,2026,1,2,0.75,erp_import,235bc524-964d-4df9-be42-95bf6e6cf2a0,,2026-06-06T14:28:40.761471,
fe4e379f-7c16-4d4e-afae-8871ef1255a3,f654977f-2616-4b4d-81ca-97b294367cfd,2026,2,4,0.75,erp_import,235bc524-964d-4df9-be42-95bf6e6cf2a0,,2026-06-06T14:28:40.761471,
a7ad4a6d-16ba-43dd-a2c6-6199f32c313b,f654977f-2616-4b4d-81ca-97b294367cfd,2026,3,3,0.75,erp_import,235bc524-964d-4df9-be42-95bf6e6cf2a0,,2026-06-06T14:28:40.761471,
f4f84622-e76e-40d4-8f23-9f0f17db09f5,f654977f-2616-4b4d-81ca-97b294367cfd,2026,4,3,0.75,erp_import,235bc524-964d-4df9-be42-95bf6e6cf2a0,,2026-06-06T14:28:40.761471,
86d354b4-a4fb-4639-9c58-26b391e2d9b3,f654977f-2616-4b4d-81ca-97b294367cfd,2026,5,1,0.75,erp_import,235bc524-964d-4df9-be42-95bf6e6cf2a0,,2026-06-06T14:28:40.761471,
4d935c73-c2ec-43ca-9c08-8075c57a7ecd,9c1b11c4-f9cb-465a-b6df-88ad3f940989,2026,1,4,0.75,erp_import,235bc524-964d-4df9-be42-95bf6e6cf2a0,,2026-06-06T14:28:40.761471,
16c47b4d-0268-4683-a4ce-08bb89b77c13,9c1b11c4-f9cb-465a-b6df-88ad3f940989,2026,2,2,0.75,erp_import,235bc524-964d-4df9-be42-95bf6e6cf2a0,,2026-06-06T14:28:40.761471,
4cdc2d40-bf43-48c2-98c6-9aeb779de75d,9a33d8fd-d13b-4644-b542-e02d14f29970,2026,3,5,0.375,erp_import,235bc524-964d-4df9-be42-95bf6e6cf2a0,,2026-06-06T14:28:40.761471,
aef4582f-7eaf-40a5-805c-66f0d20ba9a9,9a33d8fd-d13b-4644-b542-e02d14f29970,2026,4,1,0.375,erp_import,235bc524-964d-4df9-be42-95bf6e6cf2a0,,2026-06-06T14:28:40.761471,
528bb6de-f169-4427-98b1-0f5ebf27126e,9a33d8fd-d13b-4644-b542-e02d14f29970,2026,5,1,0.375,erp_import,235bc524-964d-4df9-be42-95bf6e6cf2a0,,2026-06-06T14:28:40.761471,
a8d0b87a-1fbf-43c3-85c4-42da783aefc4,1ead37ba-9129-4f46-9363-5988c946579b,2026,1,1,0.75,erp_import,235bc524-964d-4df9-be42-95bf6e6cf2a0,,2026-06-06T14:28:40.761471,
8958714b-96ad-459f-a238-4a1d63500afa,1ead37ba-9129-4f46-9363-5988c946579b,2026,2,1,0.75,erp_import,235bc524-964d-4df9-be42-95bf6e6cf2a0,,2026-06-06T14:28:40.761471,
49023cb5-a895-4cff-93ca-58c74bee3a9b,1ead37ba-9129-4f46-9363-5988c946579b,2026,4,5,0.75,erp_import,235bc524-964d-4df9-be42-95bf6e6cf2a0,,2026-06-06T14:28:40.761471,
ef39b75d-48b2-4cea-a9f0-4efc14755a9b,1ead37ba-9129-4f46-9363-5988c946579b,2026,5,3,0.75,erp_import,235bc524-964d-4df9-be42-95bf6e6cf2a0,,2026-06-06T14:28:40.761471,
fcc2675e-e7d1-45db-9549-6727d7f0a824,e45b0b14-4479-445f-9ea2-1069efa3bcce,2026,1,1,0.75,erp_import,235bc524-964d-4df9-be42-95bf6e6cf2a0,,2026-06-06T14:28:40.761471,
58ef8002-0990-47fe-b466-587fbb413fc5,e45b0b14-4479-445f-9ea2-1069efa3bcce,2026,2,1,0.75,erp_import,235bc524-964d-4df9-be42-95bf6e6cf2a0,,2026-06-06T14:28:40.761471,
8d4040d5-a375-47a7-87db-6e3df772f3e0,e45b0b14-4479-445f-9ea2-1069efa3bcce,2026,3,6,0.75,erp_import,235bc524-964d-4df9-be42-95bf6e6cf2a0,,2026-06-06T14:28:40.761471,
bfc7dc52-5f42-4118-be8a-1267f805632b,e45b0b14-4479-445f-9ea2-1069efa3bcce,2026,4,5,0.75,erp_import,235bc524-964d-4df9-be42-95bf6e6cf2a0,,2026-06-06T14:28:40.761471,
4ae4e9ac-92d7-4a0b-bb83-943756d21ee7,e45b0b14-4479-445f-9ea2-1069efa3bcce,2026,5,12,0.75,erp_import,235bc524-964d-4df9-be42-95bf6e6cf2a0,,2026-06-06T14:28:40.761471,
d746ae02-de8f-421e-9430-d434ed0bb420,190e3078-c6f5-4b97-9f52-1c4564a46392,2026,1,3,0.75,erp_import,235bc524-964d-4df9-be42-95bf6e6cf2a0,,2026-06-06T14:28:40.761471,
15708f70-9be2-449c-8b18-65abc0ec339a,190e3078-c6f5-4b97-9f52-1c4564a46392,2026,2,2,0.75,erp_import,235bc524-964d-4df9-be42-95bf6e6cf2a0,,2026-06-06T14:28:40.761471,
517f5f4f-ff1a-4bb7-b5dd-f6047299ac22,190e3078-c6f5-4b97-9f52-1c4564a46392,2026,4,1,0.75,erp_import,235bc524-964d-4df9-be42-95bf6e6cf2a0,,2026-06-06T14:28:40.761471,
130f0baa-4928-40b7-8078-43509b1c7acc,190e3078-c6f5-4b97-9f52-1c4564a46392,2026,5,3,0.75,erp_import,235bc524-964d-4df9-be42-95bf6e6cf2a0,,2026-06-06T14:28:40.761471,
e619c0bd-af68-47c5-b817-a7b6cde965a1,30c1302c-2b25-43f9-bb18-3f47597ee13c,2026,1,3,0.75,erp_import,235bc524-964d-4df9-be42-95bf6e6cf2a0,,2026-06-06T14:28:40.761471,
46cff9a8-f5be-416d-8dd9-c7a51233ce59,30c1302c-2b25-43f9-bb18-3f47597ee13c,2026,2,5,0.75,erp_import,235bc524-964d-4df9-be42-95bf6e6cf2a0,,2026-06-06T14:28:40.761471,
c9a8c7a5-d8cc-4aa8-9746-e8ef6001735f,30c1302c-2b25-43f9-bb18-3f47597ee13c,2026,3,5,0.75,erp_import,235bc524-964d-4df9-be42-95bf6e6cf2a0,,2026-06-06T14:28:40.761471,
6136b978-d23f-46c2-ae22-fdfdcd81ed48,30c1302c-2b25-43f9-bb18-3f47597ee13c,2026,4,3,0.75,erp_import,235bc524-964d-4df9-be42-95bf6e6cf2a0,,2026-06-06T14:28:40.761471,
912268aa-b75e-45bb-8802-a1d1d6c9bd39,7e615a66-a21f-43f2-a4b8-109a266f8db3,2026,1,1,0.75,erp_import,235bc524-964d-4df9-be42-95bf6e6cf2a0,,2026-06-06T14:28:40.761471,
235e6e98-6e56-4304-8bb3-b2d36a5970d1,7e615a66-a21f-43f2-a4b8-109a266f8db3,2026,2,3,0.75,erp_import,235bc524-964d-4df9-be42-95bf6e6cf2a0,,2026-06-06T14:28:40.761471,
a44cc299-82bd-4b93-8622-ab3c8a4a6ec4,7e615a66-a21f-43f2-a4b8-109a266f8db3,2026,3,2,0.75,erp_import,235bc524-964d-4df9-be42-95bf6e6cf2a0,,2026-06-06T14:28:40.761471,
86c34561-c981-4645-9005-cab43098bdda,7e615a66-a21f-43f2-a4b8-109a266f8db3,2026,4,4,0.75,erp_import,235bc524-964d-4df9-be42-95bf6e6cf2a0,,2026-06-06T14:28:40.761471,
216e0d57-3884-4006-86e2-a7eca05af433,7e615a66-a21f-43f2-a4b8-109a266f8db3,2026,5,8,0.75,erp_import,235bc524-964d-4df9-be42-95bf6e6cf2a0,,2026-06-06T14:28:40.761471,
85d446c7-b73b-4843-a11e-249239a87d91,ebae70ec-2e1f-4231-be51-d4427f551312,2026,3,1,0.75,erp_import,235bc524-964d-4df9-be42-95bf6e6cf2a0,,2026-06-06T14:28:40.761471,
ea3217d2-0127-4d54-b1ad-1f095bdb9d23,ebae70ec-2e1f-4231-be51-d4427f551312,2026,4,5,0.75,erp_import,235bc524-964d-4df9-be42-95bf6e6cf2a0,,2026-06-06T14:28:40.761471,
e33c5a39-68ef-4a6e-bd0d-341751bc5c24,ebae70ec-2e1f-4231-be51-d4427f551312,2026,5,1,0.75,erp_import,235bc524-964d-4df9-be42-95bf6e6cf2a0,,2026-06-06T14:28:40.761471,
2ee7bbc2-54e8-4123-b3b1-257858b2f66d,f0ff4313-6e89-4dc4-b47c-a60ef6b1c084,2026,1,1,0.75,erp_import,235bc524-964d-4df9-be42-95bf6e6cf2a0,,2026-06-06T14:28:40.761471,
43938a1f-46ff-4e3c-b781-d8cd56f64cb2,f0ff4313-6e89-4dc4-b47c-a60ef6b1c084,2026,2,1,0.75,erp_import,235bc524-964d-4df9-be42-95bf6e6cf2a0,,2026-06-06T14:28:40.761471,
e1401776-12a2-4c6a-a5dc-38b8fd8ed611,f0ff4313-6e89-4dc4-b47c-a60ef6b1c084,2026,3,2,0.75,erp_import,235bc524-964d-4df9-be42-95bf6e6cf2a0,,2026-06-06T14:28:40.761471,
fa47163a-ee1b-4b93-bea3-381c60b41e4d,f0ff4313-6e89-4dc4-b47c-a60ef6b1c084,2026,5,1,0.75,erp_import,235bc524-964d-4df9-be42-95bf6e6cf2a0,,2026-06-06T14:28:40.761471,
0a424310-2340-4ea6-8805-309a322fcdf8,658d172a-0c59-44e5-b0af-950e5429087c,2026,1,3,0.75,erp_import,235bc524-964d-4df9-be42-95bf6e6cf2a0,,2026-06-06T14:28:40.761471,
2372b600-91bc-4362-b237-b9379b137267,658d172a-0c59-44e5-b0af-950e5429087c,2026,3,5,0.75,erp_import,235bc524-964d-4df9-be42-95bf6e6cf2a0,,2026-06-06T14:28:40.761471,
37ece054-6e3a-45f3-aa71-209809a9de5b,658d172a-0c59-44e5-b0af-950e5429087c,2026,4,2,0.75,erp_import,235bc524-964d-4df9-be42-95bf6e6cf2a0,,2026-06-06T14:28:40.761471,
e282cc54-ee3a-494e-ac00-5ed28fd73a18,658d172a-0c59-44e5-b0af-950e5429087c,2026,5,7,0.75,erp_import,235bc524-964d-4df9-be42-95bf6e6cf2a0,,2026-06-06T14:28:40.761471,
6256ca71-56b0-4f8a-834a-750fe535527d,1979618b-01aa-4aa3-9fa9-0a33808aa155,2026,1,1,0.75,erp_import,235bc524-964d-4df9-be42-95bf6e6cf2a0,,2026-06-06T14:28:40.761471,
7f8bfe47-fe45-4a14-9861-ef85e9389c23,1979618b-01aa-4aa3-9fa9-0a33808aa155,2026,2,6,0.75,erp_import,235bc524-964d-4df9-be42-95bf6e6cf2a0,,2026-06-06T14:28:40.761471,
96478b4a-0a56-4ef2-8361-540a4911c2ec,1979618b-01aa-4aa3-9fa9-0a33808aa155,2026,5,5,0.75,erp_import,235bc524-964d-4df9-be42-95bf6e6cf2a0,,2026-06-06T14:28:40.761471,
f35907cc-5f2f-47b0-a367-02d6595ca1eb,d1d72662-e2a5-4d43-9b4d-61bc700f62b1,2026,1,5,0.75,erp_import,235bc524-964d-4df9-be42-95bf6e6cf2a0,,2026-06-06T14:28:40.761471,
a59e7db0-81d1-4677-9f77-34bf406e3d46,d1d72662-e2a5-4d43-9b4d-61bc700f62b1,2026,2,4,0.75,erp_import,235bc524-964d-4df9-be42-95bf6e6cf2a0,,2026-06-06T14:28:40.761471,
9598b8dc-aded-43e3-bd91-63a9d7b50cdf,d1d72662-e2a5-4d43-9b4d-61bc700f62b1,2026,3,4,0.75,erp_import,235bc524-964d-4df9-be42-95bf6e6cf2a0,,2026-06-06T14:28:40.761471,
a2e0e634-c9af-4bbc-b756-1eb71abbc695,d1d72662-e2a5-4d43-9b4d-61bc700f62b1,2026,4,4,0.75,erp_import,235bc524-964d-4df9-be42-95bf6e6cf2a0,,2026-06-06T14:28:40.761471,
014cd29d-5911-4e33-be5d-4760fca7e5db,d1d72662-e2a5-4d43-9b4d-61bc700f62b1,2026,5,4,0.75,erp_import,235bc524-964d-4df9-be42-95bf6e6cf2a0,,2026-06-06T14:28:40.761471,
2d1bc046-c980-473d-8beb-072618bee8f7,6bc1e264-9662-46c6-9fe5-a8245afe75c2,2026,2,1,0.75,erp_import,235bc524-964d-4df9-be42-95bf6e6cf2a0,,2026-06-06T14:28:40.761471,
f85528a8-5a9a-49a1-bd9a-b1f56920de24,6bc1e264-9662-46c6-9fe5-a8245afe75c2,2026,3,3,0.75,erp_import,235bc524-964d-4df9-be42-95bf6e6cf2a0,,2026-06-06T14:28:40.761471,
05b4a75f-99aa-4e50-ad55-3de7a6be3645,6bc1e264-9662-46c6-9fe5-a8245afe75c2,2026,4,2,0.75,erp_import,235bc524-964d-4df9-be42-95bf6e6cf2a0,,2026-06-06T14:28:40.761471,
6af6c7bb-0ac6-42e7-83a3-8f42e40d15af,6bc1e264-9662-46c6-9fe5-a8245afe75c2,2026,5,2,0.75,erp_import,235bc524-964d-4df9-be42-95bf6e6cf2a0,,2026-06-06T14:28:40.761471,
3e24ce5f-9cc2-499f-b584-6935fa5012fa,29276227-6617-4240-88e0-fe9ef5acb00b,2026,2,3,0.75,erp_import,235bc524-964d-4df9-be42-95bf6e6cf2a0,,2026-06-06T14:28:40.761471,
df690e06-a7a5-4278-8410-cdbbeeee581d,29276227-6617-4240-88e0-fe9ef5acb00b,2026,3,2,0.75,erp_import,235bc524-964d-4df9-be42-95bf6e6cf2a0,,2026-06-06T14:28:40.761471,
be761de4-cc48-481b-a127-3e6da46600c3,29276227-6617-4240-88e0-fe9ef5acb00b,2026,4,2,0.75,erp_import,235bc524-964d-4df9-be42-95bf6e6cf2a0,,2026-06-06T14:28:40.761471,
cee15c56-59d6-4290-83da-b9bef5c353fc,29276227-6617-4240-88e0-fe9ef5acb00b,2026,5,4,0.75,erp_import,235bc524-964d-4df9-be42-95bf6e6cf2a0,,2026-06-06T14:28:40.761471,
4d64eb6a-91f1-446e-b0c4-2a2bb6b464c0,8b3b7260-dd18-4599-8ace-5127a5f31ec0,2026,1,11,0.75,erp_import,235bc524-964d-4df9-be42-95bf6e6cf2a0,,2026-06-06T14:28:40.761471,
c3525750-aad7-4371-ad09-91bc42cffdf4,8b3b7260-dd18-4599-8ace-5127a5f31ec0,2026,2,2,0.75,erp_import,235bc524-964d-4df9-be42-95bf6e6cf2a0,,2026-06-06T14:28:40.761471,
5a5f3945-600d-4577-9910-8a383e2d45ca,8b3b7260-dd18-4599-8ace-5127a5f31ec0,2026,3,12,0.75,erp_import,235bc524-964d-4df9-be42-95bf6e6cf2a0,,2026-06-06T14:28:40.761471,
79a2644f-c901-485f-a848-cdb580fd801f,8b3b7260-dd18-4599-8ace-5127a5f31ec0,2026,4,8,0.75,erp_import,235bc524-964d-4df9-be42-95bf6e6cf2a0,,2026-06-06T14:28:40.761471,
6d6cc7d8-397d-42ba-bbf7-e45a7eb43b26,8b3b7260-dd18-4599-8ace-5127a5f31ec0,2026,5,9,0.75,erp_import,235bc524-964d-4df9-be42-95bf6e6cf2a0,,2026-06-06T14:28:40.761471,
c9819c1c-5699-483f-995d-511a10a17670,c28c7974-3394-4e8b-80a7-5bdc3c90da80,2026,1,13,0.75,erp_import,235bc524-964d-4df9-be42-95bf6e6cf2a0,,2026-06-06T14:28:40.761471,
fbd35c65-49d1-447c-900a-eff7550b5b67,c28c7974-3394-4e8b-80a7-5bdc3c90da80,2026,2,3,0.75,erp_import,235bc524-964d-4df9-be42-95bf6e6cf2a0,,2026-06-06T14:28:40.761471,
f682c85b-d282-4eb8-a2e7-9d241c72ddb7,c28c7974-3394-4e8b-80a7-5bdc3c90da80,2026,3,3,0.75,erp_import,235bc524-964d-4df9-be42-95bf6e6cf2a0,,2026-06-06T14:28:40.761471,
57399c8e-eec7-4fac-b8c5-ab83fe449686,c28c7974-3394-4e8b-80a7-5bdc3c90da80,2026,4,7,0.75,erp_import,235bc524-964d-4df9-be42-95bf6e6cf2a0,,2026-06-06T14:28:40.761471,
3b2d5b4d-98c1-4ccb-bdc1-08d50e9ffef8,c28c7974-3394-4e8b-80a7-5bdc3c90da80,2026,5,4,0.75,erp_import,235bc524-964d-4df9-be42-95bf6e6cf2a0,,2026-06-06T14:28:40.761471,
e1293d8f-09c0-4b0d-af06-a10e1a52e922,278f341a-7ec6-4068-a795-37c0f4c4e594,2026,1,8,0.75,erp_import,235bc524-964d-4df9-be42-95bf6e6cf2a0,,2026-06-06T14:28:40.761471,
43fa7fd1-6614-4f2a-bb08-86093b046af3,278f341a-7ec6-4068-a795-37c0f4c4e594,2026,2,5,0.75,erp_import,235bc524-964d-4df9-be42-95bf6e6cf2a0,,2026-06-06T14:28:40.761471,
ef033e07-3493-4214-a172-56086137167c,278f341a-7ec6-4068-a795-37c0f4c4e594,2026,3,5,0.75,erp_import,235bc524-964d-4df9-be42-95bf6e6cf2a0,,2026-06-06T14:28:40.761471,
c2cc75f8-19a8-4aac-a827-1e51de96b9de,278f341a-7ec6-4068-a795-37c0f4c4e594,2026,4,4,0.75,erp_import,235bc524-964d-4df9-be42-95bf6e6cf2a0,,2026-06-06T14:28:40.761471,
61dab612-e39f-4c12-978d-6eb0445c88b2,75029dfc-edfc-4cf7-8e0a-52c0deb50eeb,2026,1,2,0.75,erp_import,235bc524-964d-4df9-be42-95bf6e6cf2a0,,2026-06-06T14:28:40.761471,
b43b5e60-4270-4cb2-99e9-d8174454feb6,75029dfc-edfc-4cf7-8e0a-52c0deb50eeb,2026,3,1,0.75,erp_import,235bc524-964d-4df9-be42-95bf6e6cf2a0,,2026-06-06T14:28:40.761471,
f87e1a0c-5313-498c-a4de-464b13983804,75029dfc-edfc-4cf7-8e0a-52c0deb50eeb,2026,4,4,0.75,erp_import,235bc524-964d-4df9-be42-95bf6e6cf2a0,,2026-06-06T14:28:40.761471,
4529c51b-120e-4005-bfca-d5a054dd370b,75029dfc-edfc-4cf7-8e0a-52c0deb50eeb,2026,5,3,0.75,erp_import,235bc524-964d-4df9-be42-95bf6e6cf2a0,,2026-06-06T14:28:40.761471,
f264bd6f-09f7-479d-86ee-27673c266310,12d7e094-d677-4783-b7a5-b40392c4e9d0,2026,1,1,0.75,erp_import,235bc524-964d-4df9-be42-95bf6e6cf2a0,,2026-06-06T14:28:40.761471,
a6a18c74-c0e0-4f22-a9fc-081476d2cf97,12d7e094-d677-4783-b7a5-b40392c4e9d0,2026,2,8,0.75,erp_import,235bc524-964d-4df9-be42-95bf6e6cf2a0,,2026-06-06T14:28:40.761471,
fbfcffec-00c3-45f0-afeb-fb6634d66b0c,12d7e094-d677-4783-b7a5-b40392c4e9d0,2026,3,3,0.75,erp_import,235bc524-964d-4df9-be42-95bf6e6cf2a0,,2026-06-06T14:28:40.761471,
4fc93d19-0c19-422c-a612-625b27fb79ea,12d7e094-d677-4783-b7a5-b40392c4e9d0,2026,4,4,0.75,erp_import,235bc524-964d-4df9-be42-95bf6e6cf2a0,,2026-06-06T14:28:40.761471,
c9185d4d-31b3-4c88-9e8c-4b29ed184aad,12d7e094-d677-4783-b7a5-b40392c4e9d0,2026,5,2,0.75,erp_import,235bc524-964d-4df9-be42-95bf6e6cf2a0,,2026-06-06T14:28:40.761471,
12ee9b61-a21e-4d01-8172-ea61b188255f,61e8f140-a0d5-4708-baed-2d93de13417e,2026,3,5,0.75,erp_import,235bc524-964d-4df9-be42-95bf6e6cf2a0,,2026-06-06T14:28:40.761471,
0dfb34a4-cc43-47dc-b901-98665c7199e6,61e8f140-a0d5-4708-baed-2d93de13417e,2026,4,3,0.75,erp_import,235bc524-964d-4df9-be42-95bf6e6cf2a0,,2026-06-06T14:28:40.761471,
214dc192-310f-49aa-8a8b-fd935372a920,d244bd0f-a466-4879-a687-80c7e138c7f5,2026,1,2,0.75,erp_import,235bc524-964d-4df9-be42-95bf6e6cf2a0,,2026-06-06T14:28:40.761471,
d7d02f93-8bfc-4ea1-823e-985dd228456f,d244bd0f-a466-4879-a687-80c7e138c7f5,2026,2,3,0.75,erp_import,235bc524-964d-4df9-be42-95bf6e6cf2a0,,2026-06-06T14:28:40.761471,
3dea6446-7657-4f29-8a84-7f6c524ec65c,d244bd0f-a466-4879-a687-80c7e138c7f5,2026,3,2,0.75,erp_import,235bc524-964d-4df9-be42-95bf6e6cf2a0,,2026-06-06T14:28:40.761471,
dc18c681-3273-45c7-a39a-95dec74d1f6c,d244bd0f-a466-4879-a687-80c7e138c7f5,2026,4,7,0.75,erp_import,235bc524-964d-4df9-be42-95bf6e6cf2a0,,2026-06-06T14:28:40.761471,
be62deff-867b-4eb4-9cf4-9afa272e60c1,d244bd0f-a466-4879-a687-80c7e138c7f5,2026,5,8,0.75,erp_import,235bc524-964d-4df9-be42-95bf6e6cf2a0,,2026-06-06T14:28:40.761471,
b1fbc5d9-8755-4a56-a6c1-74f088e7930a,bf3d6a5e-9bcb-466b-ba19-80df675b05f9,2026,3,4,0.75,erp_import,235bc524-964d-4df9-be42-95bf6e6cf2a0,,2026-06-06T14:28:40.761471,
790b68e7-ac06-4c23-a57b-3fdb265aee47,bf3d6a5e-9bcb-466b-ba19-80df675b05f9,2026,4,1,0.75,erp_import,235bc524-964d-4df9-be42-95bf6e6cf2a0,,2026-06-06T14:28:40.761471,
c8e6bcad-25bf-4af5-ae8d-86cdd30a1e45,bf3d6a5e-9bcb-466b-ba19-80df675b05f9,2026,5,2,0.75,erp_import,235bc524-964d-4df9-be42-95bf6e6cf2a0,,2026-06-06T14:28:40.761471,
086bc4dc-25d6-4e9e-aac6-2e6b5b2a5de3,c003e4a3-2b88-452d-aaeb-f53f7c518592,2026,1,4,0.75,erp_import,235bc524-964d-4df9-be42-95bf6e6cf2a0,,2026-06-06T14:28:40.761471,
da2675f4-fb52-4cc0-9cb6-2aa3b6856eb5,c003e4a3-2b88-452d-aaeb-f53f7c518592,2026,2,3,0.75,erp_import,235bc524-964d-4df9-be42-95bf6e6cf2a0,,2026-06-06T14:28:40.761471,
5f4d7d08-99f3-4840-bc48-829d314302a5,c003e4a3-2b88-452d-aaeb-f53f7c518592,2026,3,10,0.75,erp_import,235bc524-964d-4df9-be42-95bf6e6cf2a0,,2026-06-06T14:28:40.761471,
8c5515c7-1a89-435e-80c1-0d2e8b6ac441,c003e4a3-2b88-452d-aaeb-f53f7c518592,2026,4,1,0.75,erp_import,235bc524-964d-4df9-be42-95bf6e6cf2a0,,2026-06-06T14:28:40.761471,
87ab5c3d-46a2-4351-8778-e4c0511e4085,c003e4a3-2b88-452d-aaeb-f53f7c518592,2026,5,4,0.75,erp_import,235bc524-964d-4df9-be42-95bf6e6cf2a0,,2026-06-06T14:28:40.761471,
f979e6ab-1340-4a11-9551-bee702b10a54,49fac793-bafe-4f12-93fc-516cfb015b0a,2026,2,3,0.375,erp_import,235bc524-964d-4df9-be42-95bf6e6cf2a0,,2026-06-06T14:28:40.761471,
b369992e-4414-4e4a-a14c-d0c0b71436f4,49fac793-bafe-4f12-93fc-516cfb015b0a,2026,3,1,0.375,erp_import,235bc524-964d-4df9-be42-95bf6e6cf2a0,,2026-06-06T14:28:40.761471,
7353689f-3071-42da-afcf-99187196ca6b,49fac793-bafe-4f12-93fc-516cfb015b0a,2026,5,1,0.375,erp_import,235bc524-964d-4df9-be42-95bf6e6cf2a0,,2026-06-06T14:28:40.761471,
4b7fbe66-1e32-4450-b88f-53191e46cddb,bbb798fa-b4e7-4b1c-811a-9b9ccf176d3f,2026,1,1,0.75,erp_import,235bc524-964d-4df9-be42-95bf6e6cf2a0,,2026-06-06T14:28:40.761471,
0b073a7f-461f-4aa2-99cc-e96da54241db,bbb798fa-b4e7-4b1c-811a-9b9ccf176d3f,2026,2,2,0.75,erp_import,235bc524-964d-4df9-be42-95bf6e6cf2a0,,2026-06-06T14:28:40.761471,
cfacffb6-0442-41d0-8281-827a1e087095,bbb798fa-b4e7-4b1c-811a-9b9ccf176d3f,2026,4,1,0.75,erp_import,235bc524-964d-4df9-be42-95bf6e6cf2a0,,2026-06-06T14:28:40.761471,
6f58d342-1e12-4e63-98ce-b1c8dffca886,4e6b91ba-8677-4dc9-98b5-985f4765cecf,2026,1,1,0.75,erp_import,235bc524-964d-4df9-be42-95bf6e6cf2a0,,2026-06-06T14:28:40.761471,
78252844-b2b0-49df-99f4-873a514f5d21,1e31a961-0c1e-46ba-9491-660a578f3bce,2026,1,2,0.75,erp_import,235bc524-964d-4df9-be42-95bf6e6cf2a0,,2026-06-06T14:28:40.761471,
9f023ca1-8ce0-48c6-95dd-06bbc7447872,1e31a961-0c1e-46ba-9491-660a578f3bce,2026,3,1,0.75,erp_import,235bc524-964d-4df9-be42-95bf6e6cf2a0,,2026-06-06T14:28:40.761471,
97de6c74-7725-42d7-9532-76feaf0f1aee,1e31a961-0c1e-46ba-9491-660a578f3bce,2026,4,1,0.75,erp_import,235bc524-964d-4df9-be42-95bf6e6cf2a0,,2026-06-06T14:28:40.761471,
374f9a8a-53f0-4570-bc7e-eb78be148096,1e31a961-0c1e-46ba-9491-660a578f3bce,2026,5,2,0.75,erp_import,235bc524-964d-4df9-be42-95bf6e6cf2a0,,2026-06-06T14:28:40.761471,
d3228dbc-d7c0-4955-bf1c-9fd85c56638f,c27e7fad-036e-405e-b8b3-a0e3a8ad9a5d,2026,1,3,0.75,erp_import,235bc524-964d-4df9-be42-95bf6e6cf2a0,,2026-06-06T14:28:40.761471,
2796c3c2-b60d-4ec9-8178-865a8593b4e2,c27e7fad-036e-405e-b8b3-a0e3a8ad9a5d,2026,3,1,0.75,erp_import,235bc524-964d-4df9-be42-95bf6e6cf2a0,,2026-06-06T14:28:40.761471,
84a8d5f3-8886-4d12-971f-b13eaf29af18,d90cafce-436a-4034-9932-ec1a87a52982,2026,3,5,0.75,erp_import,235bc524-964d-4df9-be42-95bf6e6cf2a0,,2026-06-06T14:28:40.761471,
3c24ac69-a047-484a-82c8-8578b022d213,d90cafce-436a-4034-9932-ec1a87a52982,2026,4,1,0.75,erp_import,235bc524-964d-4df9-be42-95bf6e6cf2a0,,2026-06-06T14:28:40.761471,
758b3757-c024-4a6f-ba83-43f75a0bc564,d90cafce-436a-4034-9932-ec1a87a52982,2026,5,1,0.75,erp_import,235bc524-964d-4df9-be42-95bf6e6cf2a0,,2026-06-06T14:28:40.761471,
fe9530e0-c711-4899-a88f-9a41a81c68fa,095c1fae-911d-492e-b4bc-95b09eeaca59,2026,1,8,0.75,erp_import,235bc524-964d-4df9-be42-95bf6e6cf2a0,,2026-06-06T14:28:40.761471,
649c5169-97a1-4193-a5d9-0dcd54ef0a51,095c1fae-911d-492e-b4bc-95b09eeaca59,2026,2,3,0.75,erp_import,235bc524-964d-4df9-be42-95bf6e6cf2a0,,2026-06-06T14:28:40.761471,
394d963a-1b0d-474b-815d-a84fd5e06df3,095c1fae-911d-492e-b4bc-95b09eeaca59,2026,3,2,0.75,erp_import,235bc524-964d-4df9-be42-95bf6e6cf2a0,,2026-06-06T14:28:40.761471,
3141af4a-4bd7-4667-a935-7846b1291777,095c1fae-911d-492e-b4bc-95b09eeaca59,2026,4,3,0.75,erp_import,235bc524-964d-4df9-be42-95bf6e6cf2a0,,2026-06-06T14:28:40.761471,
4482482f-7e3f-4ab2-a6e0-00869711b475,095c1fae-911d-492e-b4bc-95b09eeaca59,2026,5,6,0.75,erp_import,235bc524-964d-4df9-be42-95bf6e6cf2a0,,2026-06-06T14:28:40.761471,
95159ad5-8bda-48c0-84c9-dc1211c90c67,bf1c903b-cc2f-4e12-a2eb-b7817601e327,2026,5,1,0.75,erp_import,235bc524-964d-4df9-be42-95bf6e6cf2a0,,2026-06-06T14:28:40.761471,
addf498b-5bb4-401b-ab92-b027f3585a87,c7fd7b57-684a-4016-ad66-a9739661720d,2026,2,1,0.75,erp_import,235bc524-964d-4df9-be42-95bf6e6cf2a0,,2026-06-06T14:28:40.761471,
edb7dbdf-41ad-4861-bb71-49341f618a86,c7fd7b57-684a-4016-ad66-a9739661720d,2026,3,1,0.75,erp_import,235bc524-964d-4df9-be42-95bf6e6cf2a0,,2026-06-06T14:28:40.761471,
e12ad806-43a5-49f6-8c0c-ca08c3a59167,c7fd7b57-684a-4016-ad66-a9739661720d,2026,5,1,0.75,erp_import,235bc524-964d-4df9-be42-95bf6e6cf2a0,,2026-06-06T14:28:40.761471,
8c3eaad0-aff3-4fe8-b5ab-8d65ff54e455,24047e79-a7c7-49b3-8975-e0f134616701,2026,1,1,0.75,erp_import,235bc524-964d-4df9-be42-95bf6e6cf2a0,,2026-06-06T14:28:40.761471,
1ac6a73c-1384-44ea-b330-7622c3402c86,24047e79-a7c7-49b3-8975-e0f134616701,2026,2,2,0.75,erp_import,235bc524-964d-4df9-be42-95bf6e6cf2a0,,2026-06-06T14:28:40.761471,
bfcfa101-8242-4edb-ba13-8bfae28ca14b,24047e79-a7c7-49b3-8975-e0f134616701,2026,3,3,0.75,erp_import,235bc524-964d-4df9-be42-95bf6e6cf2a0,,2026-06-06T14:28:40.761471,
19b0f81e-5f5f-4280-97fd-c06e6c0226fa,24047e79-a7c7-49b3-8975-e0f134616701,2026,4,1,0.75,erp_import,235bc524-964d-4df9-be42-95bf6e6cf2a0,,2026-06-06T14:28:40.761471,
7e507aa2-cbf5-44f5-b3cd-052b3dbdbdb7,24047e79-a7c7-49b3-8975-e0f134616701,2026,5,3,0.75,erp_import,235bc524-964d-4df9-be42-95bf6e6cf2a0,,2026-06-06T14:28:40.761471,
47aa8ecf-4ae4-4c82-8505-45a77635ba73,8e796f1f-ac7e-4b17-a4f9-fae30ada7aca,2026,2,1,0.75,erp_import,235bc524-964d-4df9-be42-95bf6e6cf2a0,,2026-06-06T14:28:40.761471,
0f19eca7-3337-45a4-bb48-3cc16f47a644,8e796f1f-ac7e-4b17-a4f9-fae30ada7aca,2026,3,1,0.75,erp_import,235bc524-964d-4df9-be42-95bf6e6cf2a0,,2026-06-06T14:28:40.761471,
cbc24dc9-070b-498d-83ef-60800e1669a6,8e796f1f-ac7e-4b17-a4f9-fae30ada7aca,2026,4,1,0.75,erp_import,235bc524-964d-4df9-be42-95bf6e6cf2a0,,2026-06-06T14:28:40.761471,
183bd29e-89da-4f07-a7a5-1c7e1a8de8f6,8e796f1f-ac7e-4b17-a4f9-fae30ada7aca,2026,5,3,0.75,erp_import,235bc524-964d-4df9-be42-95bf6e6cf2a0,,2026-06-06T14:28:40.761471,
d1a80d78-98d6-466f-9ca0-18c93f900661,35e6a6b8-1537-4d41-a791-803d84cddf1c,2026,1,1,0.75,erp_import,235bc524-964d-4df9-be42-95bf6e6cf2a0,,2026-06-06T14:28:40.761471,
e94b3290-c12a-41f0-a1d3-487e47afc429,35e6a6b8-1537-4d41-a791-803d84cddf1c,2026,3,2,0.75,erp_import,235bc524-964d-4df9-be42-95bf6e6cf2a0,,2026-06-06T14:28:40.761471,
7f3020ec-aa4e-4ce2-975f-776f85c57a0a,35e6a6b8-1537-4d41-a791-803d84cddf1c,2026,4,2,0.75,erp_import,235bc524-964d-4df9-be42-95bf6e6cf2a0,,2026-06-06T14:28:40.761471,
9c5778c4-e88e-4c9e-9c67-f3488f36c10e,35e6a6b8-1537-4d41-a791-803d84cddf1c,2026,5,5,0.75,erp_import,235bc524-964d-4df9-be42-95bf6e6cf2a0,,2026-06-06T14:28:40.761471,
4ce041e2-a4cd-43ba-9608-f19ad567001e,9b0060c4-ea4c-4d3a-90ba-2f50df576b90,2026,1,3,0.75,erp_import,235bc524-964d-4df9-be42-95bf6e6cf2a0,,2026-06-06T14:28:40.761471,
b80b1992-b213-45a5-8b66-b22040ca5275,9b0060c4-ea4c-4d3a-90ba-2f50df576b90,2026,2,5,0.75,erp_import,235bc524-964d-4df9-be42-95bf6e6cf2a0,,2026-06-06T14:28:40.761471,
7f8dbd4b-953c-4d1b-ac7c-0c9a533fe938,9b0060c4-ea4c-4d3a-90ba-2f50df576b90,2026,3,3,0.75,erp_import,235bc524-964d-4df9-be42-95bf6e6cf2a0,,2026-06-06T14:28:40.761471,
be07534e-cd29-490f-8087-5ed7fd267329,9b0060c4-ea4c-4d3a-90ba-2f50df576b90,2026,4,5,0.75,erp_import,235bc524-964d-4df9-be42-95bf6e6cf2a0,,2026-06-06T14:28:40.761471,
eb3d71e0-314e-4e62-b831-de4bbaf57b74,9b0060c4-ea4c-4d3a-90ba-2f50df576b90,2026,5,3,0.75,erp_import,235bc524-964d-4df9-be42-95bf6e6cf2a0,,2026-06-06T14:28:40.761471,
99cd9458-1635-4780-a289-795e052b59b3,b20d926c-1d91-45e1-b1e6-e39bf051edda,2026,1,2,0.75,erp_import,235bc524-964d-4df9-be42-95bf6e6cf2a0,,2026-06-06T14:28:40.761471,
3b05bee5-2e3e-439a-8c78-cabdaf32d89e,b20d926c-1d91-45e1-b1e6-e39bf051edda,2026,2,2,0.75,erp_import,235bc524-964d-4df9-be42-95bf6e6cf2a0,,2026-06-06T14:28:40.761471,
c4ea33df-9a52-4a28-9977-d5d2759b5622,b20d926c-1d91-45e1-b1e6-e39bf051edda,2026,3,7,0.75,erp_import,235bc524-964d-4df9-be42-95bf6e6cf2a0,,2026-06-06T14:28:40.761471,
d1ede3ef-c474-4c00-8098-c9824e92ebbb,b20d926c-1d91-45e1-b1e6-e39bf051edda,2026,4,1,0.75,erp_import,235bc524-964d-4df9-be42-95bf6e6cf2a0,,2026-06-06T14:28:40.761471,
8d43bd4a-ea41-433a-b195-7b82dc545fac,b20d926c-1d91-45e1-b1e6-e39bf051edda,2026,5,1,0.75,erp_import,235bc524-964d-4df9-be42-95bf6e6cf2a0,,2026-06-06T14:28:40.761471,
6d05749f-5d34-438d-9e11-eac3bdbdb53d,d2e579b2-eb41-4aa1-9ee1-ce8b86ed3fbe,2026,5,5,0.75,erp_import,235bc524-964d-4df9-be42-95bf6e6cf2a0,,2026-06-06T14:28:40.761471,
a9e9a0db-3a23-4210-a066-e274bbcf2a62,15c6e44f-d285-4a04-9b44-217f16a4103e,2026,4,2,0.75,erp_import,235bc524-964d-4df9-be42-95bf6e6cf2a0,,2026-06-06T14:28:40.761471,
f7d910cd-9f24-4a5f-b121-dca896e2cbc3,15c6e44f-d285-4a04-9b44-217f16a4103e,2026,5,3,0.75,erp_import,235bc524-964d-4df9-be42-95bf6e6cf2a0,,2026-06-06T14:28:40.761471,
115bea39-2f4b-471e-ba0c-6e16d2d5eb47,bb4883a9-c795-48ef-9242-b2c4a687d280,2026,2,1,0.75,erp_import,235bc524-964d-4df9-be42-95bf6e6cf2a0,,2026-06-06T14:28:40.761471,
3356f2c3-79cf-413c-88a6-8257141d1d90,bb4883a9-c795-48ef-9242-b2c4a687d280,2026,5,1,0.75,erp_import,235bc524-964d-4df9-be42-95bf6e6cf2a0,,2026-06-06T14:28:40.761471,
489af50b-2da3-45db-825a-c27f2184b6f3,a7c96daa-1ffb-4147-b580-6b7e365a1922,2026,2,1,0.75,erp_import,235bc524-964d-4df9-be42-95bf6e6cf2a0,,2026-06-06T14:28:40.761471,
dd6b00cf-29cf-4322-9d18-03337af60371,a7c96daa-1ffb-4147-b580-6b7e365a1922,2026,3,1,0.75,erp_import,235bc524-964d-4df9-be42-95bf6e6cf2a0,,2026-06-06T14:28:40.761471,
f64f085f-be17-419c-b60f-0a42a82bab72,a7c96daa-1ffb-4147-b580-6b7e365a1922,2026,4,1,0.75,erp_import,235bc524-964d-4df9-be42-95bf6e6cf2a0,,2026-06-06T14:28:40.761471,
3bce404e-4a20-4ba3-bffb-ab4fecc6bba4,ce952042-97d4-4dbc-9651-0999032ef11a,2026,1,1,0.75,erp_import,235bc524-964d-4df9-be42-95bf6e6cf2a0,,2026-06-06T14:28:40.761471,
d5a2ef73-4744-4f17-8602-922783874f18,ce952042-97d4-4dbc-9651-0999032ef11a,2026,2,2,0.75,erp_import,235bc524-964d-4df9-be42-95bf6e6cf2a0,,2026-06-06T14:28:40.761471,
627f03fa-3cec-45ee-ae8b-114b31e172b3,ce952042-97d4-4dbc-9651-0999032ef11a,2026,3,1,0.75,erp_import,235bc524-964d-4df9-be42-95bf6e6cf2a0,,2026-06-06T14:28:40.761471,
ef037028-f41b-4b44-afa8-a9282b1f8d9a,ce952042-97d4-4dbc-9651-0999032ef11a,2026,4,2,0.75,erp_import,235bc524-964d-4df9-be42-95bf6e6cf2a0,,2026-06-06T14:28:40.761471,
97733674-bcce-4a2b-a1a6-089b31d67d28,ce952042-97d4-4dbc-9651-0999032ef11a,2026,5,1,0.75,erp_import,235bc524-964d-4df9-be42-95bf6e6cf2a0,,2026-06-06T14:28:40.761471,
6cc1b1e5-6354-4d81-9771-4dc0c0037ff9,6c6c8bf9-a77b-4545-a38f-c724c8a1189b,2026,1,2,0.75,erp_import,235bc524-964d-4df9-be42-95bf6e6cf2a0,,2026-06-06T14:28:40.761471,
69711a5c-714d-4e7f-81dc-c95c2d676568,6c6c8bf9-a77b-4545-a38f-c724c8a1189b,2026,2,2,0.75,erp_import,235bc524-964d-4df9-be42-95bf6e6cf2a0,,2026-06-06T14:28:40.761471,
2be3086a-d5f7-4bb2-bfa6-d134a57acf6c,6c6c8bf9-a77b-4545-a38f-c724c8a1189b,2026,3,13,0.75,erp_import,235bc524-964d-4df9-be42-95bf6e6cf2a0,,2026-06-06T14:28:40.761471,
22cea75d-3e02-46df-a8f1-4a435953b199,6c6c8bf9-a77b-4545-a38f-c724c8a1189b,2026,5,2,0.75,erp_import,235bc524-964d-4df9-be42-95bf6e6cf2a0,,2026-06-06T14:28:40.761471,
1413e965-16a9-4f08-8559-5c07ae2d334b,f7c506db-a7c8-40d0-941c-41dc645db276,2026,1,30,1.5,erp_import,235bc524-964d-4df9-be42-95bf6e6cf2a0,,2026-06-06T14:28:40.761471,
23e01cd7-1f78-4264-b31e-7dfda09c63a5,f7c506db-a7c8-40d0-941c-41dc645db276,2026,2,16,1.5,erp_import,235bc524-964d-4df9-be42-95bf6e6cf2a0,,2026-06-06T14:28:40.761471,
a4b7205d-6c6e-4f27-9c2c-7d42fe62fa1b,f7c506db-a7c8-40d0-941c-41dc645db276,2026,3,34,1.5,erp_import,235bc524-964d-4df9-be42-95bf6e6cf2a0,,2026-06-06T14:28:40.761471,
59c64077-e0db-4c8f-8348-122fde75c505,f7c506db-a7c8-40d0-941c-41dc645db276,2026,4,33,1.5,erp_import,235bc524-964d-4df9-be42-95bf6e6cf2a0,,2026-06-06T14:28:40.761471,
9a4b00de-966e-4150-be64-5643495c3446,f7c506db-a7c8-40d0-941c-41dc645db276,2026,5,37,1.5,erp_import,235bc524-964d-4df9-be42-95bf6e6cf2a0,,2026-06-06T14:28:40.761471,
91aceb5c-6e14-4700-b2b3-88b4a9371805,e5e808b2-c88e-4abf-9a6c-b6b95a914ff9,2026,1,1,0.75,erp_import,235bc524-964d-4df9-be42-95bf6e6cf2a0,,2026-06-06T14:28:40.761471,
a78f0cfa-bb19-4679-8013-12514ac44d81,e5e808b2-c88e-4abf-9a6c-b6b95a914ff9,2026,4,1,0.75,erp_import,235bc524-964d-4df9-be42-95bf6e6cf2a0,,2026-06-06T14:28:40.761471,
adee8375-f59a-45f7-a587-7ed2731080f9,e5e808b2-c88e-4abf-9a6c-b6b95a914ff9,2026,5,2,0.75,erp_import,235bc524-964d-4df9-be42-95bf6e6cf2a0,,2026-06-06T14:28:40.761471,
3995a1eb-f593-46ec-bbb4-82a09cc22aaf,7f0b04b6-e8a5-466d-9ee3-59485d28184a,2026,1,1,0.75,erp_import,235bc524-964d-4df9-be42-95bf6e6cf2a0,,2026-06-06T14:28:40.761471,
1c4c4e06-2134-41ff-beab-21ea4767222d,7f0b04b6-e8a5-466d-9ee3-59485d28184a,2026,5,1,0.75,erp_import,235bc524-964d-4df9-be42-95bf6e6cf2a0,,2026-06-06T14:28:40.761471,
aa1062b8-9389-45cf-a557-42077a6f1fe0,bed58fa3-6ae7-49b4-b300-e501ba503e04,2026,1,3,0.75,erp_import,235bc524-964d-4df9-be42-95bf6e6cf2a0,,2026-06-06T14:28:40.761471,
2f501e80-0076-4db4-bdc4-f38b1d9391ba,bed58fa3-6ae7-49b4-b300-e501ba503e04,2026,2,6,0.75,erp_import,235bc524-964d-4df9-be42-95bf6e6cf2a0,,2026-06-06T14:28:40.761471,
aadeda0f-a047-43ca-8f84-72cefd0fc1a7,bed58fa3-6ae7-49b4-b300-e501ba503e04,2026,3,8,0.75,erp_import,235bc524-964d-4df9-be42-95bf6e6cf2a0,,2026-06-06T14:28:40.761471,
a5409b9c-1d8a-493a-974b-9fa571bbcaa3,bed58fa3-6ae7-49b4-b300-e501ba503e04,2026,4,10,0.75,erp_import,235bc524-964d-4df9-be42-95bf6e6cf2a0,,2026-06-06T14:28:40.761471,
6613e325-388f-4776-b4bd-d6d8cfd387b2,bed58fa3-6ae7-49b4-b300-e501ba503e04,2026,5,1,0.75,erp_import,235bc524-964d-4df9-be42-95bf6e6cf2a0,,2026-06-06T14:28:40.761471,
4798d222-b092-4c1e-ac7f-c47167e4ed57,3149da0b-f9dc-4efe-85b3-afd34a634489,2026,1,1,0.75,erp_import,235bc524-964d-4df9-be42-95bf6e6cf2a0,,2026-06-06T14:28:40.761471,
7c331d1f-a9cf-4643-baf9-d42dfe0e8492,3149da0b-f9dc-4efe-85b3-afd34a634489,2026,2,1,0.75,erp_import,235bc524-964d-4df9-be42-95bf6e6cf2a0,,2026-06-06T14:28:40.761471,
8f4f25fd-1c42-4153-867b-089b4776f25e,3149da0b-f9dc-4efe-85b3-afd34a634489,2026,3,2,0.75,erp_import,235bc524-964d-4df9-be42-95bf6e6cf2a0,,2026-06-06T14:28:40.761471,
06ff546c-e0f7-4839-a32c-d4413ae09664,3149da0b-f9dc-4efe-85b3-afd34a634489,2026,4,2,0.75,erp_import,235bc524-964d-4df9-be42-95bf6e6cf2a0,,2026-06-06T14:28:40.761471,
98420be6-c0e4-4091-b9c4-3e73f44c181e,3149da0b-f9dc-4efe-85b3-afd34a634489,2026,5,7,0.75,erp_import,235bc524-964d-4df9-be42-95bf6e6cf2a0,,2026-06-06T14:28:40.761471,
b659b35a-15e4-45d3-84e4-3e294993fd94,229a4d59-3054-4bc1-b2b9-f468a34aa063,2026,3,1,0.75,erp_import,235bc524-964d-4df9-be42-95bf6e6cf2a0,,2026-06-06T14:28:40.761471,
80051d47-c175-4fad-aa52-0faa699abce3,f8259d2d-2ab8-4a59-b6ee-aeb8e25f5422,2026,1,7,0.75,erp_import,235bc524-964d-4df9-be42-95bf6e6cf2a0,,2026-06-06T14:28:40.761471,
9b2f4487-57d5-484c-911c-20e57586b7cc,f8259d2d-2ab8-4a59-b6ee-aeb8e25f5422,2026,2,4,0.75,erp_import,235bc524-964d-4df9-be42-95bf6e6cf2a0,,2026-06-06T14:28:40.761471,
6929c141-62a2-4814-ab95-258f37d6d5ea,f8259d2d-2ab8-4a59-b6ee-aeb8e25f5422,2026,3,4,0.75,erp_import,235bc524-964d-4df9-be42-95bf6e6cf2a0,,2026-06-06T14:28:40.761471,
f29b3ce6-77ea-4716-8a3e-3ac53c98e6a6,f8259d2d-2ab8-4a59-b6ee-aeb8e25f5422,2026,4,5,0.75,erp_import,235bc524-964d-4df9-be42-95bf6e6cf2a0,,2026-06-06T14:28:40.761471,
97052877-6106-402a-b06b-6998e3f32dc8,f8259d2d-2ab8-4a59-b6ee-aeb8e25f5422,2026,5,11,0.75,erp_import,235bc524-964d-4df9-be42-95bf6e6cf2a0,,2026-06-06T14:28:40.761471,
cc809014-5e92-4bd7-ab76-8d8281ab8e80,45d3c762-aa2f-4a61-882b-25de6e199380,2026,2,1,0.75,erp_import,235bc524-964d-4df9-be42-95bf6e6cf2a0,,2026-06-06T14:28:40.761471,
019c9c25-3dfa-49fd-a334-e8e1ec5e6f94,45d3c762-aa2f-4a61-882b-25de6e199380,2026,3,1,0.75,erp_import,235bc524-964d-4df9-be42-95bf6e6cf2a0,,2026-06-06T14:28:40.761471,
4dfcc9d6-b349-495f-b37b-71219b3fe509,45d3c762-aa2f-4a61-882b-25de6e199380,2026,4,1,0.75,erp_import,235bc524-964d-4df9-be42-95bf6e6cf2a0,,2026-06-06T14:28:40.761471,
c7d62a6a-5b2f-4690-b84b-c694b1c8d840,45d3c762-aa2f-4a61-882b-25de6e199380,2026,5,4,0.75,erp_import,235bc524-964d-4df9-be42-95bf6e6cf2a0,,2026-06-06T14:28:40.761471,
761b44ac-1234-4783-8ded-3cc3dd0577a5,0085b994-9a6e-4f7f-884f-262f6f86a0eb,2026,2,1,0.75,erp_import,235bc524-964d-4df9-be42-95bf6e6cf2a0,,2026-06-06T14:28:40.761471,
