id,descricao_erp,lt_erp,wine_id,criado_por,criado_em
23bea810-1bb3-4fe4-ad08-5d7b41111cec,BERNARDI JACUR BRUT 750ML,0.75,91f1dc2f-1dfa-4fb3-82b1-e27a8ce2bf0e,,2026-06-06T14:28:40.761471
64461aaa-6200-4102-b4c1-2d7bf80ea3e3,CANNONAU DOC - CAPOCACCIA  DEIL NURAGHI - TINTO 750 ML,0.75,594a9adc-6f1b-4318-89bb-ee686dbdb05e,,2026-06-06T14:28:40.761471
5eb197e7-ed48-48f4-8a36-980bdffc2354,VINHO TINTO - GASTRONOMIA,0.75,79e74f9b-03f8-4402-aee8-4d0fd79a9988,,2026-06-06T14:28:40.761471
4420b3f2-e94c-4eca-892b-89bf10b938c5,BARONE MONTALTO PINOT GRIGIO 750 ML,0.75,eae19f34-63ec-45da-95e1-31686e81c64c,,2026-06-06T14:28:40.761471
11f73c3e-19dc-48a4-ab89-ae5adf187031,1/2 CARMEN INSIGNE CABERNET SAUVIGNON 375 ML,0.375,22a69176-7b96-477d-b456-8e2287c04356,,2026-06-06T14:28:40.761471
f31ed23b-6970-4357-b5e6-56f31d711bc3,1/2 LUIZ ARGENTA CABERNET SAUVINGNON 375 ML,0.375,9f3f9758-f25e-4984-8c4b-9275581c450b,,2026-06-06T14:28:40.761471
66cc17d6-b40d-4ad0-8e28-48b85703d081,CATENA ZAPATA CATENA MALBEC - 750 ML,0.75,626502f6-fb00-4cd1-859d-6474f10d106c,,2026-06-06T14:28:40.761471
76094126-30c1-4fa3-b3a6-0a5f43a77771,1/2 CARMEN INIGNE SAUVIGNON BLANC - 375ML,0.375,85f57344-67ae-4399-8882-9e7e17d4585d,,2026-06-06T14:28:40.761471
5781d4bb-64db-4746-90d9-a26d3f64ef29,VINHO BRANCO/ESPUMANTE - GASTRONOMIA,0.75,56524d52-0cf5-4721-8f99-8667a32bad46,,2026-06-06T14:28:40.761471
624e920d-aca2-447c-90ad-a74ea93f310c,CHANDON PASSION  750 ML,0.75,8dd9560f-4066-49ff-9de9-853aa7bcd44b,,2026-06-06T14:28:40.761471
8afcf960-96ed-4ae2-9617-9208b3611c67,1/2 CATENA ZAPATA CATENA MALBEC 375 ML,0.375,6e5c3f5f-8e1e-4dbd-baea-73004783b09f,,2026-06-06T14:28:40.761471
37627c04-84ed-418e-843b-59698af4b942,ALAMOS MALBEC - CATENA ZAPATA - 750 ML,0.75,d7c5691e-10b0-4ddb-91b6-14a8648dca5b,,2026-06-06T14:28:40.761471
054377a6-c25a-4e47-9855-47f9164d8cd1,1/2 PIZZATO MERLOT 375 ML,0.375,a13397c1-44ca-4cc0-a33b-36486b45afc3,,2026-06-06T14:28:40.761471
00193ace-6d17-4899-874a-63c1e807bb8b,CATENA ZAPATA CATENA - CHARDONNAY 750 ML,0.75,df1b94b0-c924-4566-a927-785e338889ac,,2026-06-06T14:28:40.761471
2704ea23-2875-40ec-b77d-c568b5c497b3,CHANDON BRUT ROSE 750 ML,0.75,210dff8f-c972-4d76-8ca4-58ee2dbfc410,,2026-06-06T14:28:40.761471
83c0f480-e9ca-477c-bea8-5e8105269e7b,CHANDON RESERVE BRUT 750 ML,0.75,03cba5ad-70e2-423b-8f8f-ed8cc6d0aaae,,2026-06-06T14:28:40.761471
3ca6be34-3d43-48e8-b83c-2e8add408767,ALMA NEGRA M BLEND 750 ML,0.75,b19c2803-e879-4d9f-b4ec-de74371715af,,2026-06-06T14:28:40.761471
d476c746-e316-4327-9330-c63da8635f26,CANTINE DI ORA AMICALE ROSSO - 750 ML,0.75,72c7fb80-1dfa-490a-8ad7-423bd25cda5a,,2026-06-06T14:28:40.761471
a2edddc5-5104-466e-9283-94fc99710af7,TAITTINGER BRUT 750 ML,0.75,18009537-a5c2-465d-b879-c044a3742fe6,,2026-06-06T14:28:40.761471
52bed572-1ed2-42ad-a661-be2c3f4320d0,BOTTEGA PETALO MOSCATO 750 ML,0.75,cbebca1a-aed9-4a37-b151-83f9859cfba3,,2026-06-06T14:28:40.761471
9c12a778-0326-4ab8-a5fe-b71f80eba3a3,DI LENARDO PINOT GRIGIO 750ML,0.75,5f88d48d-6608-4bf2-a3fa-d434b7ee82ea,,2026-06-06T14:28:40.761471
69565a89-38e2-4116-94a5-239185390147,JACOPO BIONDI SANTI BRACCALE - 750 ML,0.75,67fa170b-ceac-47ab-9ce0-9f948a5dde73,,2026-06-06T14:28:40.761471
e0f60040-771a-4aca-b1a0-61264f16c50c,1/2 PIZZATO CHARDONNAY 375 ML.,0.375,0393f8cd-b9e9-4a13-9b2c-65aa6787e7de,,2026-06-06T14:28:40.761471
4ff49cef-4823-4bd8-9830-84ad9d28fdd1,ESPUMANTE VALLOTANO MOSCATEL 750ML,0.75,0bdacfe0-47b8-4eb5-a92e-ddd289423f2e,,2026-06-06T14:28:40.761471
35465507-5e54-4d47-bce2-502ce623d3c1,D.V CATENA CABERNET SAUVIGNON MALBEC - 750 ML,0.75,22bed4e6-6430-4c6b-a4a3-588ab6caf964,,2026-06-06T14:28:40.761471
3fd550b4-e975-45dc-a682-4c58f03b1605,1/2 CATENA ZAPATA CHARDONNAY 375 ML,0.375,e13bf8a3-027c-431b-b983-32f9da72f131,,2026-06-06T14:28:40.761471
87c592e0-28e3-4222-9ffa-438d3abae384,CASTELLO BANFI CENTINE TOSCANA TINTO - 750 ML,0.75,a5408564-3c6a-40bd-a9ae-984d77aa8ade,,2026-06-06T14:28:40.761471
d5507464-3133-496a-8f1d-bc7d93ce28b5,EMILIANA NOVAS GRAN RESERVA CARMENÉRE/CABERNET SAUVIGNON - 750 ML,0.75,bca1125f-aeb7-4f70-aaf5-c94281125d9c,,2026-06-06T14:28:40.761471
f9b359e1-2432-4710-bcf6-c10ed924ccc3,JACOPO BIONDI SANTI SASSOALLORO - 750 ML,0.75,bf8003b6-82f9-4d19-80ce-a0d9d996d14c,,2026-06-06T14:28:40.761471
6bbb5768-6fee-4f14-a5c2-6a525a95e3d0,BORGONE TOSCANA ROSSO IGT 750 ML,0.75,08ab091d-450b-4599-8452-61b56c283fc1,,2026-06-06T14:28:40.761471
9df7dc6e-a071-495c-ad17-965ac906648e,LUIGI BOSCA - MALBEC - 750 ML,0.75,1e895d1c-ebb9-4b1f-b429-43ee18d6dd39,,2026-06-06T14:28:40.761471
f507b44f-5a30-489f-83a5-267921d08765,NORTON MALBEC DOC - 750 ML,0.75,71871eca-6564-4bd1-8059-0a9793185c00,,2026-06-06T14:28:40.761471
1206a749-594e-4e21-bce3-610f54e574c2,VINOSIA DAL 1947 TERRE DI SAN VICENZO PRIMITIVO DI MANDURIA - 750 ML,0.75,ff3575ed-b0b8-4716-a2d9-324defbb5ae2,,2026-06-06T14:28:40.761471
dcc2e5ce-9999-482a-a080-477bdcefeb6b,DON AMERIGO RESERVA CABERNET SAUVINGNON 750 ML,0.75,cf94a970-70ee-4f5e-93dd-6a331bb06a03,,2026-06-06T14:28:40.761471
10d777b5-14ee-4941-9c99-caf3ab7eeb3f,BUENO BELLAVISTA ESTATE SAUVIGNON BLANC - 750ML - N/C,0.75,62ab2bbc-b11f-4059-88b3-9f633efd10b0,,2026-06-06T14:28:40.761471
708945c1-4420-49c2-bdd3-3c7193fa91f1,CAVE GEISSE BRUT 750 ML,0.75,8615cc08-8e5f-43f9-b045-3a87b3ae27a9,,2026-06-06T14:28:40.761471
66dc01ec-3321-4053-927a-cb1a42c65acd,COBOS FELINO CABERNET SAUVIGNON - 750ML N/C,0.75,7caa8733-7dea-4c20-8ba7-72cf43a33422,,2026-06-06T14:28:40.761471
63aa15e4-1fec-41c8-9912-dc5285d2a736,GARZON ESTATE PINOT NOIR ROSE 750 ML,0.75,5c7d8ae3-ee90-4826-be19-b7017155d0c1,,2026-06-06T14:28:40.761471
66924d9b-6d56-463f-b455-8eb8b9681c3b,VILLA ANTINORI ROSSO TOSCANA IGT 750ML,0.75,ae6b22c1-0101-4cb2-a2bc-1ed78fa2a43d,,2026-06-06T14:28:40.761471
d6f22345-be81-469a-a12e-f9be69b31972,BRUNILDE DI MENZIONE AGLIANICO DEL VULTURE - 750 ML,0.75,280f5b19-167e-4f58-a3dd-a9a647acfea0,,2026-06-06T14:28:40.761471
a8b6e26d-4b0c-4896-b1f8-da3e31580e5b,LE ANFORE ROSSO SALENTO IGT - 750 ML,0.75,abe96d14-5ca8-4821-add9-2921a49f6e72,,2026-06-06T14:28:40.761471
a17afc2b-a8b8-40f2-9361-8e4a998c78ee,PERRIN LA VIEILLE FERME ROSE - 750ML,0.75,3ae712e4-f318-42d9-b607-ffe95a917b6c,,2026-06-06T14:28:40.761471
304371cc-5469-4876-bbc0-9c7780570c0c,SCHIOPETTO SAUVINGNON COLLIO - 750 ML - N/C,0.75,d780c19b-cde2-45e2-b81f-333209ed92b3,,2026-06-06T14:28:40.761471
f2ee092d-0a83-4924-b2c6-34d1c385cac7,1/2  CASTELLO BANFI ROSSO DI MONTALCINO 375 ML,0.375,77a5557d-a93e-4dd4-9f2b-00cae4e37edd,,2026-06-06T14:28:40.761471
f76fd4fd-e624-434f-9775-533945121b90,BUENO RESERVA PINOT NOIR - 750 ML - N/C,0.75,d9159a4b-cb52-471b-a7de-bdd7fb7c3af7,,2026-06-06T14:28:40.761471
f374b337-3cf8-445f-a46a-7035708108f1,CHATEAU BEL AIR 750 ML,0.75,ac208b6f-5782-463b-9a83-ee6cae9c1eee,,2026-06-06T14:28:40.761471
d585e0ea-01eb-4c66-94a5-6e1478d32178,PERRIN LA VIEILLE FERME ROUGE - 750 ML,0.75,e6de99ff-1471-4515-be60-6821be23a450,,2026-06-06T14:28:40.761471
bbc34904-757e-498a-85df-7288701a3060,PIZZATO RESERVA MERLOT 750 ML - N/C,0.75,0ea71694-9871-4c2f-b6f0-39f4e595dae5,,2026-06-06T14:28:40.761471
8d917ff4-47e8-47e5-9c3b-de3936cbf092,RAR CABERNET SAUVIGNON/ MERLOT LAUREA - 750 ML,0.75,7b521bf9-6fa0-46b0-9a3e-6c4b3b791690,,2026-06-06T14:28:40.761471
8583e48f-50ea-41ca-9f4b-345fbecdba4f,RAR MASI PINOT GRIGIO TORRONTES 750 ML - N/C,0.75,7cf83e87-ed2a-42bf-9564-b4116f526439,,2026-06-06T14:28:40.761471
3aac1fda-c425-4882-b1fc-24416c7bf969,TERRAZAS RESERVA CHARDONNAY 750ML (BAILE CARNAVAL),0.75,678d1a69-13e4-497b-a591-6affbcd55f94,,2026-06-06T14:28:40.761471
a43ecbfd-21ef-4bc4-80e3-9486c12e9fb2,VILLA ANTINORI BIANCO TOSCANA IGT 750ML,0.75,4a4635d6-3a06-4c4c-b3c6-83c5e0e348c4,,2026-06-06T14:28:40.761471
2d0b1c69-4f80-42ac-9095-0d567007c4f2,BOSIO BARBERA D' ALBA EGIDIO BARRIQUE DOC - 750 ML,0.75,307e4a88-b1db-4705-83a9-0c812c35db41,,2026-06-06T14:28:40.761471
82b7affe-47f0-45c5-b58f-8c5399c05695,GARCES SILVA AMAYNA SAUVIGNON BLANC 750 ML,0.75,faae1537-0eff-4cfe-940c-4eb84f4b0d13,,2026-06-06T14:28:40.761471
f506e7e5-3ce4-4eba-bffd-41ea6467ad07,GARZON RESERVA TANNAT -750 ML - N/C,0.75,306dd04d-3eb3-417c-a472-2e5ca0fa3447,,2026-06-06T14:28:40.761471
c3dc29de-d662-4afe-8c11-f339fef9570d,GOICHOT FRERES BOURGOGNE PINOT NOIR 750 ML,0.75,14a9c3ff-0712-4305-b8ce-2aadd37d3eb2,,2026-06-06T14:28:40.761471
04981621-94e0-4148-a13f-158a9c8d802a,GRECO DI TUFO DOCG 750 ML,0.75,0d2aea6e-2b03-4c67-9653-6700a1fbca9a,,2026-06-06T14:28:40.761471
fa4d472f-8208-45bb-a30c-315d52a60e4a,LEYDA RESERVA PINOT NOIR - 750ML,0.75,158ca328-8c60-4a36-9daa-4c7538100b98,,2026-06-06T14:28:40.761471
ad1234fe-cb75-42af-b270-e75ac93fb5b6,PLANETA CERASUOLO DI VITTORIA DOCG - 750 ML - N/C,0.75,9731c88d-385f-4021-b189-be977b50816e,,2026-06-06T14:28:40.761471
99ec899b-c700-4148-b6d0-2e930172d0bc,ANGELICA ZAPATA MALBEC - CATENA ZAPATA -  750 ML,0.75,6e9ca3ed-3c84-4654-8642-3bfdcf5d4329,,2026-06-06T14:28:40.761471
0ac6e0c6-454a-45ae-9b65-e6e649236b7e,CONCHA Y TORO MARQUES DE CASA CONCHA CABERNET SAUVIGNON - 750 ML,0.75,8091817b-740a-4185-a47b-ab29fa876abf,,2026-06-06T14:28:40.761471
669cc8fe-526e-4cc0-b8c0-a0671b485bd9,D.V CATENA MALBEC MALBEC - 750 ML - N/C,0.75,4cdad5a4-4643-4e06-aa54-db9b3bcb6a7f,,2026-06-06T14:28:40.761471
0ab6bcab-f2f0-4cc4-a824-0e735c7a68d7,EMILIANA NOVAS GRAN RESERVA CHARDONNAY 750 ML,0.75,47c29ed3-0b8f-4c1d-81d8-4cdebbd24f29,,2026-06-06T14:28:40.761471
b41215de-ef3e-45c0-96fb-45ac4a76c646,JACOB'S CREEK SHIRAZ  - 750 ML,0.75,ae49e1e0-ffa4-4898-adac-fd24592deee9,,2026-06-06T14:28:40.761471
cb6735c2-8000-4854-92a6-59231e787606,LA VIEILLE FERME BLANC 750 ML,0.75,53b8e409-1b64-40de-aef4-04edad4bf647,,2026-06-06T14:28:40.761471
9e165f81-7f42-4e5a-b74e-bab0d5993760,LAMBRUSCO REGGIANO CONCERTO 750 ML,0.75,01a7ade1-fa43-48bb-92a4-7875fad16bd0,,2026-06-06T14:28:40.761471
3c912290-019b-4447-9c50-c644968f9d90,LE MARCHESINE - OPERA ROSE   750 ML,0.75,e0f48f76-9c23-4427-84ad-87254eb48af7,,2026-06-06T14:28:40.761471
f4a7e424-5989-4466-99eb-e943690dc8be,MONTES ALPHA CABERNET SAUVIGNON - 750ML,0.75,7ecf2ad4-9e97-4ea5-a0a4-f3304a7a8e92,,2026-06-06T14:28:40.761471
fd2eb959-e417-454c-9c8c-a804de25dbb0,RAR COLLEZIONE PINOT NOIR - 750 ML,0.75,f5f672a2-f3b9-48d3-8cd6-5b58410d2a1b,,2026-06-06T14:28:40.761471
9d3140da-4a86-45e1-a972-e58e87cc4550,SOPRASASSO VALPOLICELLA DOC - 750 ML,0.75,87b7eae9-cdef-4c22-93a8-6cfd2d1fa93a,,2026-06-06T14:28:40.761471
a1f16a0a-5959-4a79-a7de-279d8fa4c26f,ZUCCARDI Q CABERNET FRANC - 750 ML,0.75,3c4dd918-b60e-4a5b-b882-da94913dc7b1,,2026-06-06T14:28:40.761471
a1ef6d31-cf6c-4070-8db3-7c433dfb9460,ALLEGRINI VALPOLICELLA DOC - 750 ML,0.75,ae0394db-50b8-4348-8e99-f605ac4d4086,,2026-06-06T14:28:40.761471
b5ab5de8-8f09-412f-8b2c-969894b9227a,RAR COLLEZIONE VIOGNIER 750ML - N/C,0.75,9c5c8e13-bc97-4048-8b90-69111d155d45,,2026-06-06T14:28:40.761471
87bca59e-7b95-4d29-b81c-b3b9ceedb3bb,BARISTA PINOTAGE - 750 ML,0.75,793d3f9f-9217-40de-842a-acf2ba6e2de0,,2026-06-06T14:28:40.761471
169a6c7d-e75a-4637-999c-d1dca78102b1,FIANO DEL SALENTO - 750 ML - N/C,0.75,4501741a-7455-4c10-9b48-049453084dfb,,2026-06-06T14:28:40.761471
a03aa83f-f1f7-4bf9-8c8a-b4b600e8965e,LUIGI BOSCA DE SANGRE CABERNET SAUVIGNON - 750 ML,0.75,ad07da9a-405b-4b27-b19d-8aec480644e8,,2026-06-06T14:28:40.761471
e628d2dd-be1a-4562-ba2d-8a70dd992df9,PIZZATO RESERVA ALICANTE BOUSCHET 750ML,0.75,f55ea219-510a-42de-aa32-ff1df03bc609,,2026-06-06T14:28:40.761471
c0274787-4e40-45e6-bb1d-5b634fb08ff4,PROSECCO IL FRESCO MILLESIMATO BRUT DOC - VILLA SANDI 750ML (WINE DINNER),0.75,34918adc-4944-45af-9f81-d31ad6524439,,2026-06-06T14:28:40.761471
e12ecee1-34cd-453c-a635-b6fa975c1275,PROSECCO IL FRESCO ROSE MILLESIMATO BRUT DOC - VILLA SANDI 750ML - N/C,0.75,a72b8e23-3fd2-4d28-ac09-a744e6c87b5a,,2026-06-06T14:28:40.761471
61cd1010-9237-44ef-aa5f-62addeaef780,ROCCA DELLE MACIE CAMPO MACCCIONE VERMENTINO MAREMMA 750ML- N/C,0.75,03b481fc-afbf-4384-b461-d7c59f98b4b8,,2026-06-06T14:28:40.761471
5060e82d-6a0c-45dd-a12a-8ce93d084b49,ROCCA DELLE MACIE CAMPO MACIE CHIANTI CLASSIO 750ML (WINE DINNER),0.75,68aafeb2-8e52-481c-ae45-eaadf158d534,,2026-06-06T14:28:40.761471
4638e840-8d90-4bf7-867d-4539adb623fd,ROCCA DELLE MACIE CAMPO MACIE CHIANTI CLASSIO RISERVA DOCG 750ML (WINE DINNER),0.75,1896bc6f-2251-4244-894f-f97a2012fd53,,2026-06-06T14:28:40.761471
4f00dd69-7164-4e6a-bc32-27b0ecabf4f3,VEUVE CLICQUOT BRUT 750ML,0.75,d1b293f3-0882-4577-9181-0c21c078eaee,,2026-06-06T14:28:40.761471
c152df89-592a-4811-a772-ed871e5e67ad,VIGNETI DELLE DOLOMITI IGT ROSSO - 750 ML,0.75,dcd62a62-f44c-44c4-97df-d7235f24d6fc,,2026-06-06T14:28:40.761471
201a6746-e55d-4397-b181-7662bb1d3f47,WHISPERING ANGEL ROSE 750 ML,0.75,bbc0db11-ba6f-4a4d-be76-e39fd5d0e93c,,2026-06-06T14:28:40.761471
b3526e64-ce9f-475e-9836-37271cfac1ed,BARON PHILIPPE DE ROTHSCHILD BARON HENRI MEDOC - 750 ML,0.75,f654977f-2616-4b4d-81ca-97b294367cfd,,2026-06-06T14:28:40.761471
8834eedc-bb50-417c-98fc-46eaabf3a6b6,DELLA VALPOLICELLA - NOVAIA 500ML (EVENTO SR. SERGIO),0.75,85c2edde-e3a5-402a-b3c6-941e67c0ece0,,2026-06-06T14:28:40.761471
563fe537-2589-4f21-9055-860321ad8a5f,RAR COLLEZIONE GEWURZTRAMIVER - 750 ML - N/C,0.75,9c1b11c4-f9cb-465a-b6df-88ad3f940989,,2026-06-06T14:28:40.761471
3ef65d86-ec7e-44f9-b59e-d234361cd927,1/2 JOSEPH DROUHIN CHABLIS 375 ML,0.375,9a33d8fd-d13b-4644-b542-e02d14f29970,,2026-06-06T14:28:40.761471
f7c16e54-7195-40e6-91b2-37f955ccc99e,ARROCAL PASSIÓN CRIANZA - 750 ML,0.75,1ead37ba-9129-4f46-9363-5988c946579b,,2026-06-06T14:28:40.761471
de75741d-e13b-4305-884f-a84056b75021,BARBERA D'ASTI PALAS DOCG - MICHELLE 750ML (RUPTURA),0.75,e45b0b14-4479-445f-9ea2-1069efa3bcce,,2026-06-06T14:28:40.761471
3a7b8da4-057d-4958-8b1b-ffc55533a5e5,BUENO TINTO PETIT VERDOT RESERVA - 750 ML,0.75,190e3078-c6f5-4b97-9f52-1c4564a46392,,2026-06-06T14:28:40.761471
4100cd21-0949-47c8-9a4e-3aa44f034ea6,CARTUXA BRANCO FUNDAÇÃO EUGENIO DE ALMEIDA - 750 ML,0.75,30c1302c-2b25-43f9-bb18-3f47597ee13c,,2026-06-06T14:28:40.761471
6b33ecc2-2406-49e8-ac5c-8f18d604d11e,CASTELO BANFI CENTINE BIANCO 750 ML,0.75,7e615a66-a21f-43f2-a4b8-109a266f8db3,,2026-06-06T14:28:40.761471
a64852f8-063c-4beb-8215-7df68855690f,DOMAINE JOSEPH DROUHIN VILLAGES - 750 ML - N/C,0.75,ebae70ec-2e1f-4231-be51-d4427f551312,,2026-06-06T14:28:40.761471
1798fbb1-fc0c-4dc8-ac24-d08d4497b62d,DOMINIQUE LAURENT BOURGOGNE CHARDONNAY - 750 ML,0.75,f0ff4313-6e89-4dc4-b47c-a60ef6b1c084,,2026-06-06T14:28:40.761471
b560d5fb-e6b5-4353-94ea-8e485c8d3eb0,DON AMERIGO GRAND RESERVA SYRAH 750 ML,0.75,658d172a-0c59-44e5-b0af-950e5429087c,,2026-06-06T14:28:40.761471
c6cb31a4-1d3a-438c-b020-eef41149236e,DON AMERIGO RESERVA PEDRO XIMENEZ - 750 ML,0.75,1979618b-01aa-4aa3-9fa9-0a33808aa155,,2026-06-06T14:28:40.761471
8bad23b8-edd7-4471-9307-e34d3c1f8929,ESPUMANTE VALLOTANO BRUT 750ML - N/C,0.75,253c9c6c-bac1-461b-a6df-38be5170dfc5,,2026-06-06T14:28:40.761471
89ea9c3a-7fb7-4845-ac71-e5e5d82f2668,FAMILLE PERRIN COTES DU RHONE RESERVE ROUGE - 750 ML,0.75,18f1b8c7-24c0-467a-8992-15188642871b,,2026-06-06T14:28:40.761471
a2d8b138-dade-42cc-a267-c62e368de8d9,FEUDI DI SAN MARZANO PRIMITIVO DI MANDURIA SESSANTANNI DOC - 750 ML,0.75,d1d72662-e2a5-4d43-9b4d-61bc700f62b1,,2026-06-06T14:28:40.761471
34d6624f-2b59-4b0d-b7ab-1f2e4769787e,MARQUES DE MURRIETA RESERVA TINTO - 750 ML,0.75,6bc1e264-9662-46c6-9fe5-a8245afe75c2,,2026-06-06T14:28:40.761471
498c77e8-8599-48fb-a37d-5eaaf496d507,MONTES ALPHA SYRAH - 750 ML,0.75,29276227-6617-4240-88e0-fe9ef5acb00b,,2026-06-06T14:28:40.761471
e07f178a-429d-476e-b49d-e3ca11978392,MOUTON CADET ROUGE - 750 ML - N/C,0.75,8b3b7260-dd18-4599-8ace-5127a5f31ec0,,2026-06-06T14:28:40.761471
038f438f-53b5-42ad-9d5d-beac597cbaee,PIZZATO LEGNO CHARDONNAY GRAN RESERVA D.O.V.V - 750 ML,0.75,c28c7974-3394-4e8b-80a7-5bdc3c90da80,,2026-06-06T14:28:40.761471
1fdd1e2d-9092-471c-a8d9-53ebd933aa8a,RAR RESERVA DE FAMILIA CABERNET SAUVIGNON  MERLOT 750 ML - N/C,0.75,278f341a-7ec6-4068-a795-37c0f4c4e594,,2026-06-06T14:28:40.761471
8f95dbb7-c1e7-44e2-a2bb-9f2757fc2ff4,SAN MARZANO F NEGROAMARO SALENTO - 750 ML (RUPTURA),0.75,75029dfc-edfc-4cf7-8e0a-52c0deb50eeb,,2026-06-06T14:28:40.761471
2297e1df-2766-4571-8063-a9eb9b5dff11,ST. MICHAEL PINOT BLANC NAHE 750 ML,0.75,12d7e094-d677-4783-b7a5-b40392c4e9d0,,2026-06-06T14:28:40.761471
ecfcd358-6ccf-4987-bd72-0c46bd078515,TERRAZAS EXTREMO 750 ML (WINE DINNDER),0.75,53e090fb-e124-45a1-9904-4266d99a1b64,,2026-06-06T14:28:40.761471
62b6c82c-8274-46bb-893f-d7318dbb3e7f,TERRAZAS GRAND CHARDONNAY 750 ML (WINE DINNDER),0.75,95cbf397-ba2f-42bd-9c69-ce2ac22be7d0,,2026-06-06T14:28:40.761471
83ef38a7-a307-4ccd-ad3a-5d6f0d427b7e,TERRAZAS GRAND MALBEC 750 ML (WINE DINNDER),0.75,61e8f140-a0d5-4708-baed-2d93de13417e,,2026-06-06T14:28:40.761471
dddd7789-a620-4d2b-8f12-be3fdc49952d,TERRAZAS PETIT MANSENG LATE HARVEST 375 ML (WINE DINNDER),0.375,36979a99-5603-45ee-b566-38083016c57b,,2026-06-06T14:28:40.761471
5316d8cb-877e-4dd4-9f60-536baebdbea4,CARTUXA COLHEITA - FUNDACAO EUGENIO DE ALMEIDA 750 ML,0.75,d244bd0f-a466-4879-a687-80c7e138c7f5,,2026-06-06T14:28:40.761471
11d6e6a9-f8c2-402d-80ce-026ee7c66ceb,DOPFF & FILS RIESLING ALSACE 750 ML,0.75,bf3d6a5e-9bcb-466b-ba19-80df675b05f9,,2026-06-06T14:28:40.761471
19e05ee0-1ab1-4a2d-b71b-9cd79771798a,MAZZEI FONTERUTOLI CHIANTI CLASSICO - 750 ML (RUPTURA),0.75,c003e4a3-2b88-452d-aaeb-f53f7c518592,,2026-06-06T14:28:40.761471
7e0fa7d3-205f-4a69-a518-4f5e7a156c93,1/2  CASTELLO BANFI BRUNELLO DI MONTALCINO 375 ML,0.375,49fac793-bafe-4f12-93fc-516cfb015b0a,,2026-06-06T14:28:40.761471
bf6e3473-364f-474f-9d40-979cbd5e63e0,ALLEGRINI PALAZZO DELLA TORRE - 750 ML,0.75,bbb798fa-b4e7-4b1c-811a-9b9ccf176d3f,,2026-06-06T14:28:40.761471
9f127536-23d7-47b6-a98a-6ad83a15aafd,ALMAVIVA 2021 - 750 ML,0.75,4e6b91ba-8677-4dc9-98b5-985f4765cecf,,2026-06-06T14:28:40.761471
4437a7bb-4699-46c9-8947-fa6d0790ba58,ALMAVIVA EPU ASSEMBLAGE 2018 - 750ML,0.75,4d3f060e-c1ac-4491-ad68-5ed56a4f6021,,2026-06-06T14:28:40.761471
121c661c-9cf9-4fd8-816d-a50c3931a706,CARTUXA RESERVA - 750 ML,0.75,1e31a961-0c1e-46ba-9491-660a578f3bce,,2026-06-06T14:28:40.761471
db578d13-c01d-431a-ba1d-d2a1ce9bd22e,CHEVAL DEL ANDES 2018 -  750 ML,0.75,c27e7fad-036e-405e-b8b3-a0e3a8ad9a5d,,2026-06-06T14:28:40.761471
e8c4ac45-4112-4163-bb3f-524fd14451db,DOM PERIGNON VINTAGE 2012/2013 - 750 ML,0.75,40fcda99-5c91-4d4b-b1cd-1e51fc3b65cc,,2026-06-06T14:28:40.761471
192ad54f-6047-4b2d-a5ed-c13277f8425f,JOSEPH DROUHIN CHABLIS 750 ML,0.75,d90cafce-436a-4034-9932-ec1a87a52982,,2026-06-06T14:28:40.761471
83855acb-9437-466a-a6c9-9e30c626f12a,LE MARCHESINE FRANCIACORTA BRUT DOCG 750 ML,0.75,e729aa72-b3bd-4762-aa52-30d8caebd0b9,,2026-06-06T14:28:40.761471
903486d3-5891-463b-9dba-d44c15b8cc6e,LUIGI COPPO MOSCATO D`ASTI MONCALVINA - 750 ML,0.75,095c1fae-911d-492e-b4bc-95b09eeaca59,,2026-06-06T14:28:40.761471
79fe1a29-52c6-4f02-bcf0-11872d683fe7,LUIS PATO VINHAS VELHAS BRANCO 750 ML - N/C,0.75,bf1c903b-cc2f-4e12-a2eb-b7817601e327,,2026-06-06T14:28:40.761471
73d60d1e-833d-49dc-9495-5b3b7722808d,MASI CAMPOFIORIN ROSSO VERONA IGT - 750 ML,0.75,c7fd7b57-684a-4016-ad66-a9739661720d,,2026-06-06T14:28:40.761471
37b5d182-3321-4aa2-8223-97e99b00429b,MIOLO LOTE 43 - 750 ML - N/C,0.75,24047e79-a7c7-49b3-8975-e0f134616701,,2026-06-06T14:28:40.761471
d95c913f-9bd9-4529-b98c-9d4b0b18f661,MOET & CHANDON IMPERIAL BRUT 750 ML,0.75,f758234d-19ae-4184-95a0-1dd79e9fe368,,2026-06-06T14:28:40.761471
613e401f-e75a-44b7-b514-d428ba63e503,MOET & CHANDON IMPERIAL ROSE 750 ML,0.75,9b9ce15d-b61a-4bec-937b-ce3530729349,,2026-06-06T14:28:40.761471
51325ee9-5763-418d-a9d5-d7a2dea61b77,MORELLINO DI SCANSANO - 750 ML - N/C,0.75,8e796f1f-ac7e-4b17-a4f9-fae30ada7aca,,2026-06-06T14:28:40.761471
f53f5f16-40b9-4013-ab5e-ec8f5a97bba2,PERA GRAVE RESERVA - 750 ML,0.75,35e6a6b8-1537-4d41-a791-803d84cddf1c,,2026-06-06T14:28:40.761471
6ed621b2-d758-470c-bfe2-ce2637c944a6,ROSSO DI MONTALCINO DOC - SIRO PACENTI - 750 ML,0.75,9b0060c4-ea4c-4d3a-90ba-2f50df576b90,,2026-06-06T14:28:40.761471
122ea019-4b57-4c02-ad37-6e8d5b19ac30,SCHIOPETTO PINOT GRIGIO COLLIO - 750 ML - N/C,0.75,b20d926c-1d91-45e1-b1e6-e39bf051edda,,2026-06-06T14:28:40.761471
c37c8250-134f-448f-aa89-9b76a4bdbbf8,SOALHEIRO ALVARINHO 750 ML,0.75,d2e579b2-eb41-4aa1-9ee1-ce8b86ed3fbe,,2026-06-06T14:28:40.761471
aa4c6737-2e46-425e-9d7d-3c2220c82d99,TELMO RODRIGUEZ - BASA RUEDA 750 ML - N/C,0.75,15c6e44f-d285-4a04-9b44-217f16a4103e,,2026-06-06T14:28:40.761471
97695818-a079-45a8-896a-938508bb08fc,TENUTA DONNAFUGATA ANTHILIA IGT - 750 ML,0.75,bb4883a9-c795-48ef-9242-b2c4a687d280,,2026-06-06T14:28:40.761471
b4247ef5-2e09-4e4c-b463-dd8774d854ba,VINA EDEN CHARDONNAY - 750 ML,0.75,a7c96daa-1ffb-4147-b580-6b7e365a1922,,2026-06-06T14:28:40.761471
7bc0ff2d-6cec-4223-8935-38420446a34c,ZENATO RIPASSA VALPOLICELLA SUPERIORE - 750 ML,0.75,ce952042-97d4-4dbc-9651-0999032ef11a,,2026-06-06T14:28:40.761471
094dd3f0-f993-4359-93db-dc552b9d57d2,ZUCCARDI SERIE A CHARDONNAY/VIOGNIER 750 ML,0.75,6c6c8bf9-a77b-4545-a38f-c724c8a1189b,,2026-06-06T14:28:40.761471
b3fdfcad-928f-4e7b-9afd-378d59ff2728,CATENA ZAPATA CATENA MALBEC - MAGNUM 1.500 LT,1.5,f7c506db-a7c8-40d0-941c-41dc645db276,,2026-06-06T14:28:40.761471
446d6779-7f7b-416f-a1d9-a420eaf24611,CHATEAU LE PUY - 750 ML,0.75,e5e808b2-c88e-4abf-9a6c-b6b95a914ff9,,2026-06-06T14:28:40.761471
8bce9bff-1451-4cd7-a20f-327410e7c1ff,COBOS BRAMARE MALBEC - 750ML,0.75,7f0b04b6-e8a5-466d-9ee3-59485d28184a,,2026-06-06T14:28:40.761471
c44aa279-f29e-4489-97dc-7d5b583d0a25,ESPORAO RESERVA - 750 ML - N/C,0.75,bed58fa3-6ae7-49b4-b300-e501ba503e04,,2026-06-06T14:28:40.761471
141027ce-7265-4efc-8b21-0b593f1cca24,PORTO GRAHAM'S TAWNY RESERVE - 4.5 LTS,0.75,5829d22b-62c3-42cc-bd22-b596c4230c58,,2026-06-06T14:28:40.761471
f151b9f4-fc75-47f4-b604-2312ac06b29e,ST.THOMAS LES EMIRS - 750ML (LIBANO),0.75,3149da0b-f9dc-4efe-85b3-afd34a634489,,2026-06-06T14:28:40.761471
82e02517-b910-433e-b803-0215e8e350fe,PORTO GRAHAM`S 20 YEARS OLD TAWN 750 ML,0.75,3117062a-5b95-4b17-afcc-009fb4dd96d4,,2026-06-06T14:28:40.761471
85c031e6-afba-407d-a895-f7032044e9be,VEGA SICILIA VALBUENA 5 - 2018- 750 ML,0.75,229a4d59-3054-4bc1-b2b9-f468a34aa063,,2026-06-06T14:28:40.761471
bbdfed4e-e92c-40dc-8f32-3fe96b761035,BRANCAIA CHIANTI CLASSICO - 750 ML,0.75,f8259d2d-2ab8-4a59-b6ee-aeb8e25f5422,,2026-06-06T14:28:40.761471
42249ea9-645b-4331-bc3c-757bee80203b,EL ENEMIGO CABERNET FRANC - 750 ML,0.75,45d3c762-aa2f-4a61-882b-25de6e199380,,2026-06-06T14:28:40.761471
e3582f66-1ce4-4b1d-a4b7-e8fee3b51ac4,LALLIER - CHAMPAGNE BRUT 750 ML - TESTE N/C,0.75,1a41251f-c4a8-438d-9562-5a014872ab6d,,2026-06-06T14:28:40.761471
8f1832e1-4bda-4101-b353-0627e2e6e0be,ROSE LALLIER - CHAMPAGNE 750 ML,0.75,b17e1a67-d92f-43d3-a1d6-aeea75f54fea,,2026-06-06T14:28:40.761471
ed3385c9-3521-4aaf-b5c2-a5c48739f1ab,TENUTA SAN GUIDO SASSICAIA 2020 - 750 ML,0.75,0085b994-9a6e-4f7f-884f-262f6f86a0eb,,2026-06-06T14:28:40.761471
